target,file,scenario,row,comp_url,room_id,title,class,valid,reason,sheet_revenue,current_revenue,revenue_change_pct,revenue_change_over_15pct,sheet_bedrooms,current_bedrooms,bedrooms_changed,other_changes,appears_in,title_match_candidates
2915 Avenue N 1/2 1/2,93,File 93,31,https://www.airbnb.com/rooms/1079982769488655900,1079982769488655900,"Vacation Home with Pool, Game Room, Near Beach",Never scored,no,"In Base_Table with no Data Quality Category, so it never reached Cleaned_Data",112926.78,,,,5,,,,"Galveston - TX (2).xlsx (2026-10-02): Base_Table | archive/Galveston - TX (Jan 2026 snapshot, superseded).xlsx (2026-01-28): Cleaned_Data, Base_Table",
2915 Avenue N 1/2 1/2,93,File 93,36,https://www.airbnb.com/rooms/902722382654469776,902722382654469776,MultiDeck VIEWS *Sleeps 14* Pool & PingPong Table,Excluded for data quality,no,6 missing months (allowed 5),103067.53,,,,5,,,,"Galveston - TX (2).xlsx (2026-10-02): Base_Table | archive/Galveston - TX (Jan 2026 snapshot, superseded).xlsx (2026-01-28): Cleaned_Data, Base_Table",
2915 Avenue N 1/2 1/2,93,File 93,39,https://www.airbnb.com/rooms/899223461359794294,899223461359794294,Fun in the Sun Oasis,Never scored,no,"In Base_Table with no Data Quality Category, so it never reached Cleaned_Data",90001.13,,,,5,,,,"Galveston - TX (2).xlsx (2026-10-02): Base_Table | archive/Galveston - TX (Jan 2026 snapshot, superseded).xlsx (2026-01-28): Cleaned_Data, Base_Table",
5525 Ibis Dr,100,File 100,26,https://www.airbnb.com/rooms/942992914336390867,942992914336390867,2 homes + pool & hot tub; walk to beach,Excluded for data quality,no,"6 missing months (allowed 5), low review rate (0.89 a month; needs 1.25)",197636.0,,,,4,,,,"Galveston - TX (2).xlsx (2026-10-02): Base_Table | archive/Galveston - TX (Jan 2026 snapshot, superseded).xlsx (2026-01-28): Base_Table",
10419 Stewart Rd,92,File 92,34,https://www.airbnb.com/rooms/1079982769488655900,1079982769488655900,"Vacation Home with Pool, Game Room, Near Beach",Never scored,no,"In Base_Table with no Data Quality Category, so it never reached Cleaned_Data",112926.78,,,,5,,,,"Galveston - TX (2).xlsx (2026-10-02): Base_Table | archive/Galveston - TX (Jan 2026 snapshot, superseded).xlsx (2026-01-28): Cleaned_Data, Base_Table",
10419 Stewart Rd,92,File 92,39,https://www.airbnb.com/rooms/902722382654469776,902722382654469776,MultiDeck VIEWS *Sleeps 14* Pool & PingPong Table,Excluded for data quality,no,6 missing months (allowed 5),103067.53,,,,5,,,,"Galveston - TX (2).xlsx (2026-10-02): Base_Table | archive/Galveston - TX (Jan 2026 snapshot, superseded).xlsx (2026-01-28): Cleaned_Data, Base_Table",
11706 Opihi,96,With pool,34,https://www.airbnb.com/rooms/1305311059343791117,1305311059343791117,Luxury Home: Elevator & Golf Cart steps from beach,Never scored,no,"In Base_Table with no Data Quality Category, so it never reached Cleaned_Data",85523.73,,,,4,,,,"Galveston - TX (2).xlsx (2026-10-02): Base_Table | archive/Galveston - TX (Jan 2026 snapshot, superseded).xlsx (2026-01-28): Cleaned_Data, Base_Table",
16538 Jean Lafitte Rd,95,File 95,30,https://www.airbnb.com/rooms/1639279944613147395,1639279944613147395,Sunset Views with Pool and Great Fishing,Excluded for data quality,no,"only 5 months of history (needs 8), 7 missing months (allowed 5)",79136.5,,,,3,,,,Galveston - TX (2).xlsx (2026-10-02): Base_Table,
16538 Jean Lafitte Rd,95,File 95,31,"Family fun, pool, wk to beach, lg backyard pets! - Houses for Rent in Jamaica Beach, Texas, United States - Airbnb",,,Not a valid Airbnb URL,no,"The cell holds a listing title, not an airbnb.com/rooms/ link",69581.86,,,,3,,,,,1105169321452150421 (Usable)
16643 Bermuda Way,94,File 94,28,https://www.airbnb.com/rooms/923210240883979538,923210240883979538,Jamaica Beach Canal Front + Heated Pool,Never scored,no,"In Base_Table with no Data Quality Category, so it never reached Cleaned_Data",130892.04,,,,4,,,,"Galveston - TX (2).xlsx (2026-10-02): Base_Table | archive/Galveston - TX (Jan 2026 snapshot, superseded).xlsx (2026-01-28): Cleaned_Data, Base_Table",
2915 Avenue N 1/2 1/2,93,File 93,26,https://www.airbnb.com/rooms/50140122,50140122,"Starfish Retreat Beach escape w/ pool, spa & patio",Usable,yes,Good Data,124986.28,102053.0,-18.3,yes,5,5,,adr 875.21 -> 796.37; occupancy 45.0 -> 39.81,"Galveston - TX (2).xlsx (2026-10-02): Cleaned_Data, Base_Table | archive/Galveston - TX (Jan 2026 snapshot, superseded).xlsx (2026-01-28): Cleaned_Data, Base_Table",
2915 Avenue N 1/2 1/2,93,File 93,28,https://www.airbnb.com/rooms/1244926209910410808,1244926209910410808,Buena Vista - 5BR w/ Pool | Hot Tub | Gulf Views,Usable,yes,Good Data,123375.47,143711.0,16.5,yes,5,5,,adr 860.72 -> 882.63; occupancy 40.41 -> 42.81,"Galveston - TX (2).xlsx (2026-10-02): Cleaned_Data, Base_Table | archive/Galveston - TX (Jan 2026 snapshot, superseded).xlsx (2026-01-28): Cleaned_Data, Base_Table",
2915 Avenue N 1/2 1/2,93,File 93,37,https://www.airbnb.com/rooms/1273263277548246171,1273263277548246171,1902 Historic Sandpiper House/MicroWedding /Pool+,Usable,yes,Good Data,97014.09,121368.0,25.1,yes,5,5,,adr 757.24 -> 838.93; occupancy 40.39 -> 38.57,"Galveston - TX (2).xlsx (2026-10-02): Cleaned_Data, Base_Table | archive/Galveston - TX (Jan 2026 snapshot, superseded).xlsx (2026-01-28): Cleaned_Data, Base_Table",
10419 Stewart Rd,92,File 92,26,https://www.airbnb.com/rooms/1329791338849993741,1329791338849993741,Steps to Beach | Hot Tub & Sauna | Putt Putt,Usable,yes,Good Data,164428.9,220764.0,34.3,yes,5,5,,adr 733.1 -> 852.32; occupancy 63.36 -> 70.99,"Galveston - TX (2).xlsx (2026-10-02): Cleaned_Data, Base_Table | archive/Galveston - TX (Jan 2026 snapshot, superseded).xlsx (2026-01-28): Cleaned_Data, Base_Table",
10419 Stewart Rd,92,File 92,29,https://www.airbnb.com/rooms/50140122,50140122,"Starfish Retreat Beach escape w/ pool, spa & patio",Usable,yes,Good Data,124986.28,102053.0,-18.3,yes,5,5,,adr 875.21 -> 796.37; occupancy 45.0 -> 39.81,"Galveston - TX (2).xlsx (2026-10-02): Cleaned_Data, Base_Table | archive/Galveston - TX (Jan 2026 snapshot, superseded).xlsx (2026-01-28): Cleaned_Data, Base_Table",
10419 Stewart Rd,92,File 92,31,https://www.airbnb.com/rooms/1244926209910410808,1244926209910410808,Buena Vista - 5BR w/ Pool | Hot Tub | Gulf Views,Usable,yes,Good Data,123375.47,143711.0,16.5,yes,5,5,,adr 860.72 -> 882.63; occupancy 40.41 -> 42.81,"Galveston - TX (2).xlsx (2026-10-02): Cleaned_Data, Base_Table | archive/Galveston - TX (Jan 2026 snapshot, superseded).xlsx (2026-01-28): Cleaned_Data, Base_Table",
10419 Stewart Rd,92,File 92,40,https://www.airbnb.com/rooms/1273263277548246171,1273263277548246171,1902 Historic Sandpiper House/MicroWedding /Pool+,Usable,yes,Good Data,97014.09,121368.0,25.1,yes,5,5,,adr 757.24 -> 838.93; occupancy 40.39 -> 38.57,"Galveston - TX (2).xlsx (2026-10-02): Cleaned_Data, Base_Table | archive/Galveston - TX (Jan 2026 snapshot, superseded).xlsx (2026-01-28): Cleaned_Data, Base_Table",
11706 Opihi,96,With pool,28,https://www.airbnb.com/rooms/50140122,50140122,"Starfish Retreat Beach escape w/ pool, spa & patio",Usable,yes,Good Data,124986.28,102053.0,-18.3,yes,5,5,,adr 875.21 -> 796.37; occupancy 45.0 -> 39.81,"Galveston - TX (2).xlsx (2026-10-02): Cleaned_Data, Base_Table | archive/Galveston - TX (Jan 2026 snapshot, superseded).xlsx (2026-01-28): Cleaned_Data, Base_Table",
11706 Opihi,96,With pool,30,https://www.airbnb.com/rooms/1244926209910410808,1244926209910410808,Buena Vista - 5BR w/ Pool | Hot Tub | Gulf Views,Usable,yes,Good Data,123375.47,143711.0,16.5,yes,5,5,,adr 860.72 -> 882.63; occupancy 40.41 -> 42.81,"Galveston - TX (2).xlsx (2026-10-02): Cleaned_Data, Base_Table | archive/Galveston - TX (Jan 2026 snapshot, superseded).xlsx (2026-01-28): Cleaned_Data, Base_Table",
11706 Opihi,96,With pool,31,https://www.airbnb.com/rooms/563908109022196704,563908109022196704,Luxury • 2 King Suites • Elevator • Private Beach,Usable,yes,Good Data,122926.74,103861.0,-15.5,yes,4,4,,adr 649.93 -> 593.14; occupancy 51.99 -> 50.14,"Galveston - TX (2).xlsx (2026-10-02): Cleaned_Data, Base_Table | archive/Galveston - TX (Jan 2026 snapshot, superseded).xlsx (2026-01-28): Cleaned_Data, Base_Table",
11706 Opihi,96,With pool,33,https://www.airbnb.com/rooms/1308046257874665143,1308046257874665143,Salty Bay Getaway | Luxury 4BR w Pool | Near Beach,Usable,yes,Good Data,100214.29,124724.0,24.5,yes,4,4,,adr 771.84 -> 784.55; occupancy 37.32 -> 43.87,"Galveston - TX (2).xlsx (2026-10-02): Cleaned_Data, Base_Table | archive/Galveston - TX (Jan 2026 snapshot, superseded).xlsx (2026-01-28): Cleaned_Data, Base_Table",
16643 Bermuda Way,94,File 94,29,https://www.airbnb.com/rooms/700697114032662020,700697114032662020,Agua Vista Waterfront Paradise/Hot Tub/Fish/Kayaks,Usable,yes,Good Data,115776.22,120329.0,3.9,,3,4,yes,adr 382.19 -> 379.06; occupancy 83.29 -> 85.59; HAS_playground 0 -> 1,"Galveston - TX (2).xlsx (2026-10-02): Cleaned_Data, Base_Table | archive/Galveston - TX (Jan 2026 snapshot, superseded).xlsx (2026-01-28): Cleaned_Data, Base_Table",
16643 Bermuda Way,94,File 94,35,https://www.airbnb.com/rooms/682555318110692581,682555318110692581,Waterfront Home! Pet Friendly/Kayaks/Ping Pong,Usable,yes,Good Data,80239.59,79774.0,-0.6,,4,3,yes,adr 428.61 -> 438.54; occupancy 54.25 -> 51.41,"Galveston - TX (2).xlsx (2026-10-02): Cleaned_Data, Base_Table | archive/Galveston - TX (Jan 2026 snapshot, superseded).xlsx (2026-01-28): Cleaned_Data, Base_Table",
16643 Bermuda Way,94,File 94,36,https://www.airbnb.com/rooms/806669708264928135,806669708264928135,"Boat Dock, Hot Tub, Kayaks, EV, Dog friendly, King",Usable,yes,Good Data,79107.71,61325.0,-22.5,yes,3,3,,adr 313.19 -> 322.01; occupancy 68.86 -> 52.02,"Galveston - TX (2).xlsx (2026-10-02): Cleaned_Data, Base_Table | archive/Galveston - TX (Jan 2026 snapshot, superseded).xlsx (2026-01-28): Cleaned_Data, Base_Table",
16643 Bermuda Way,94,File 94,37,https://www.airbnb.com/rooms/616791104743930352,616791104743930352,Ocean+Bay Views|Hot Tub|Golf Cart|TIKI BAR|Premium,Usable,yes,Good Data,77387.85,95403.0,23.3,yes,3,3,,adr 370.81 -> 372.08; occupancy 57.06 -> 70.41,"Galveston - TX (2).xlsx (2026-10-02): Cleaned_Data, Base_Table | archive/Galveston - TX (Jan 2026 snapshot, superseded).xlsx (2026-01-28): Cleaned_Data, Base_Table",
516 91st St,104,File 104,26,https://www.airbnb.com/rooms/1003661297235098280,1003661297235098280,"Spacious Home w/ Pool, Guest House & Game Room",Usable,yes,Good Data,225019.0,225019.0,0.0,,6,8,yes,,"Galveston - TX (2).xlsx (2026-10-02): Cleaned_Data, Base_Table | archive/Galveston - TX (Jan 2026 snapshot, superseded).xlsx (2026-01-28): Cleaned_Data, Base_Table",
516 91st St,104,File 104,32,https://www.airbnb.com/rooms/651613386111296021,651613386111296021,"Luxurious Home with Pool, Central to Everything",Usable,yes,Good Data,152646.0,152646.0,0.0,,5,7,yes,,"Galveston - TX (2).xlsx (2026-10-02): Cleaned_Data, Base_Table",
2915 Avenue N 1/2 1/2,93,File 93,27,https://www.airbnb.com/rooms/811963042030409313,811963042030409313,"Sunkissed Starfish: Heated Pool, Beach Access",Usable,yes,Good Data,124742.59,106300.0,-14.8,,5,5,,adr 1086.08 -> 708.84; occupancy 42.58 -> 45.07; HAS_hot_tub 0 -> 1,"Galveston - TX (2).xlsx (2026-10-02): Cleaned_Data, Base_Table | archive/Galveston - TX (Jan 2026 snapshot, superseded).xlsx (2026-01-28): Cleaned_Data, Base_Table",
2915 Avenue N 1/2 1/2,93,File 93,29,https://www.airbnb.com/rooms/41398567,41398567,"Beautiful Beach House, Great Decks, Walk to Beach",Usable,yes,Good Data,121322.89,126435.0,4.2,,5,5,,adr 489.38 -> 468.69; occupancy 68.07 -> 74.07,"Galveston - TX (2).xlsx (2026-10-02): Cleaned_Data, Base_Table | archive/Galveston - TX (Jan 2026 snapshot, superseded).xlsx (2026-01-28): Cleaned_Data, Base_Table",
2915 Avenue N 1/2 1/2,93,File 93,30,https://www.airbnb.com/rooms/895243258723240186,895243258723240186,"Sleep 20, Historic East End, Heated Huge Pool, Gia","Usable, possibly good",yes,Possibly Good Data,121018.43,121151.0,0.1,,5,5,,adr 701.19 -> 682.27; occupancy 47.35 -> 49.03,"Galveston - TX (2).xlsx (2026-10-02): Cleaned_Data, Base_Table | archive/Galveston - TX (Jan 2026 snapshot, superseded).xlsx (2026-01-28): Cleaned_Data, Base_Table",
2915 Avenue N 1/2 1/2,93,File 93,32,https://www.airbnb.com/rooms/1025371035364262668,1025371035364262668,Family Oasis with Pool + Game Room,Usable,yes,Good Data,110052.6,112593.0,2.3,,5,5,,adr 437.01 -> 402.46; occupancy 70.0 -> 74.34,"Galveston - TX (2).xlsx (2026-10-02): Cleaned_Data, Base_Table | archive/Galveston - TX (Jan 2026 snapshot, superseded).xlsx (2026-01-28): Cleaned_Data, Base_Table",
2915 Avenue N 1/2 1/2,93,File 93,33,https://www.airbnb.com/rooms/832648240610265368,832648240610265368,Three Bungalows to Spread out for Large Group or F,Usable,yes,Good Data,108070.33,106622.0,-1.3,,5,5,,adr 394.37 -> 342.81; occupancy 75.22 -> 84.91,"Galveston - TX (2).xlsx (2026-10-02): Cleaned_Data, Base_Table | archive/Galveston - TX (Jan 2026 snapshot, superseded).xlsx (2026-01-28): Cleaned_Data, Base_Table",
2915 Avenue N 1/2 1/2,93,File 93,34,https://www.airbnb.com/rooms/1059603050535686187,1059603050535686187,"Spacious Home: Resort style Pool walk to beach,",Usable,yes,Good Data,107253.23,99697.0,-7.0,,5,5,,adr 787.29 -> 784.71; occupancy 38.76 -> 33.93,"Galveston - TX (2).xlsx (2026-10-02): Cleaned_Data, Base_Table | archive/Galveston - TX (Jan 2026 snapshot, superseded).xlsx (2026-01-28): Cleaned_Data, Base_Table",
2915 Avenue N 1/2 1/2,93,File 93,35,https://www.airbnb.com/rooms/983781120304037157,983781120304037157,"Beach House w/ Game Room, Pool Table, Ocean Views",Usable,yes,Good Data,107058.57,105364.0,-1.6,,5,5,,adr 427.36 -> 468.36; occupancy 69.39 -> 62.36,"Galveston - TX (2).xlsx (2026-10-02): Cleaned_Data, Base_Table | archive/Galveston - TX (Jan 2026 snapshot, superseded).xlsx (2026-01-28): Cleaned_Data, Base_Table",
2915 Avenue N 1/2 1/2,93,File 93,38,https://www.airbnb.com/rooms/1258171267399691822,1258171267399691822,Island Retreat wPool | 5BR | 18 Guests | Bay Views,Usable,yes,Good Data,92058.99,102600.0,11.5,,5,5,,adr 719.87 -> 672.97; occupancy 38.61 -> 42.33,"Galveston - TX (2).xlsx (2026-10-02): Cleaned_Data, Base_Table | archive/Galveston - TX (Jan 2026 snapshot, superseded).xlsx (2026-01-28): Cleaned_Data, Base_Table",
2915 Avenue N 1/2 1/2,93,File 93,40,https://www.airbnb.com/rooms/43011183,43011183,Coastal Blues,"Usable, possibly good",yes,Possibly Good Data,72394.45,69653.0,-3.8,,5,5,,adr 460.24 -> 478.08; occupancy 44.67 -> 40.57,"Galveston - TX (2).xlsx (2026-10-02): Cleaned_Data, Base_Table | archive/Galveston - TX (Jan 2026 snapshot, superseded).xlsx (2026-01-28): Cleaned_Data, Base_Table",
5525 Ibis Dr,100,File 100,27,https://www.airbnb.com/rooms/907368347581982176,907368347581982176,Private Heated Pool | Pool Table | Walk to Beach,"Usable, possibly good",yes,Possibly Good Data,185368.0,185368.0,0.0,,5,5,,,"Galveston - TX (2).xlsx (2026-10-02): Cleaned_Data, Base_Table | archive/Galveston - TX (Jan 2026 snapshot, superseded).xlsx (2026-01-28): Base_Table",
5525 Ibis Dr,100,File 100,28,https://www.airbnb.com/rooms/1152857184000094383,1152857184000094383,"Oceanfront 5BR Hot Tub & Swim Spa, top 10 %home.",Usable,yes,Good Data,171425.0,171425.0,0.0,,5,5,,,"Galveston - TX (2).xlsx (2026-10-02): Cleaned_Data, Base_Table | archive/Galveston - TX (Jan 2026 snapshot, superseded).xlsx (2026-01-28): Cleaned_Data, Base_Table",
5525 Ibis Dr,100,File 100,29,https://www.airbnb.com/rooms/1567059316252850581,1567059316252850581,"Family Beach House | Swim Spa, Game Yard, Fire Pit",Usable,yes,Good Data,146835.0,146835.0,0.0,,5,5,,,"Galveston - TX (2).xlsx (2026-10-02): Cleaned_Data, Base_Table",
5525 Ibis Dr,100,File 100,30,https://www.airbnb.com/rooms/768116349541211959,768116349541211959,Elegant Beachside Village Getaway,"Usable, possibly good",yes,Possibly Good Data,140080.0,140080.0,0.0,,5,5,,,"Galveston - TX (2).xlsx (2026-10-02): Cleaned_Data, Base_Table | archive/Galveston - TX (Jan 2026 snapshot, superseded).xlsx (2026-01-28): Cleaned_Data, Base_Table",
5525 Ibis Dr,100,File 100,31,https://www.airbnb.com/rooms/1273263277548246171,1273263277548246171,1902 Historic Sandpiper House/MicroWedding /Pool+,Usable,yes,Good Data,132237.0,121368.0,-8.2,,5,5,,adr None -> 838.93; occupancy None -> 38.57,"Galveston - TX (2).xlsx (2026-10-02): Cleaned_Data, Base_Table | archive/Galveston - TX (Jan 2026 snapshot, superseded).xlsx (2026-01-28): Cleaned_Data, Base_Table",
5525 Ibis Dr,100,File 100,32,https://www.airbnb.com/rooms/41398567,41398567,"Beautiful Beach House, Great Decks, Walk to Beach",Usable,yes,Good Data,126435.0,126435.0,0.0,,5,5,,,"Galveston - TX (2).xlsx (2026-10-02): Cleaned_Data, Base_Table | archive/Galveston - TX (Jan 2026 snapshot, superseded).xlsx (2026-01-28): Cleaned_Data, Base_Table",
5525 Ibis Dr,100,File 100,33,https://www.airbnb.com/rooms/960978944565514007,960978944565514007,Family Home in West Galveston w/ Arcade Near Beach,"Usable, possibly good",yes,Possibly Good Data,119411.0,119411.0,0.0,,5,5,,,"Galveston - TX (2).xlsx (2026-10-02): Cleaned_Data, Base_Table | archive/Galveston - TX (Jan 2026 snapshot, superseded).xlsx (2026-01-28): Base_Table",
5525 Ibis Dr,100,File 100,34,https://www.airbnb.com/rooms/895243258723240186,895243258723240186,"Sleep 20, Historic East End, Heated Huge Pool, Gia","Usable, possibly good",yes,Possibly Good Data,111689.0,121151.0,8.5,,5,5,,sleeps 20.0 -> 16.0; adr None -> 682.27; occupancy None -> 49.03,"Galveston - TX (2).xlsx (2026-10-02): Cleaned_Data, Base_Table | archive/Galveston - TX (Jan 2026 snapshot, superseded).xlsx (2026-01-28): Cleaned_Data, Base_Table",
5525 Ibis Dr,100,File 100,35,https://www.airbnb.com/rooms/983781120304037157,983781120304037157,"Beach House w/ Game Room, Pool Table, Ocean Views",Usable,yes,Good Data,105364.0,105364.0,0.0,,5,5,,,"Galveston - TX (2).xlsx (2026-10-02): Cleaned_Data, Base_Table | archive/Galveston - TX (Jan 2026 snapshot, superseded).xlsx (2026-01-28): Cleaned_Data, Base_Table",
10419 Stewart Rd,92,File 92,27,https://www.airbnb.com/rooms/1081902215751459169,1081902215751459169,Elevator & Hot Tub | Sleeps 12 | Dog-Friendly!,"Usable, possibly good",yes,Possibly Good Data,159898.34,165542.0,3.5,,5,5,,sleeps 12.0 -> 13.0; adr 805.12 -> 819.23; occupancy 58.15 -> 55.56,"Galveston - TX (2).xlsx (2026-10-02): Cleaned_Data, Base_Table | archive/Galveston - TX (Jan 2026 snapshot, superseded).xlsx (2026-01-28): Cleaned_Data, Base_Table",
10419 Stewart Rd,92,File 92,28,https://www.airbnb.com/rooms/768116349541211959,768116349541211959,Elegant Beachside Village Getaway,"Usable, possibly good",yes,Possibly Good Data,138618.01,140080.0,1.1,,5,5,,adr 530.04 -> 559.91; occupancy 72.16 -> 65.94,"Galveston - TX (2).xlsx (2026-10-02): Cleaned_Data, Base_Table | archive/Galveston - TX (Jan 2026 snapshot, superseded).xlsx (2026-01-28): Cleaned_Data, Base_Table",
10419 Stewart Rd,92,File 92,30,https://www.airbnb.com/rooms/811963042030409313,811963042030409313,"Sunkissed Starfish: Heated Pool, Beach Access",Usable,yes,Good Data,124742.59,106300.0,-14.8,,5,5,,adr 1086.08 -> 708.84; occupancy 42.58 -> 45.07; HAS_hot_tub 0 -> 1,"Galveston - TX (2).xlsx (2026-10-02): Cleaned_Data, Base_Table | archive/Galveston - TX (Jan 2026 snapshot, superseded).xlsx (2026-01-28): Cleaned_Data, Base_Table",
10419 Stewart Rd,92,File 92,32,https://www.airbnb.com/rooms/41398567,41398567,"Beautiful Beach House, Great Decks, Walk to Beach",Usable,yes,Good Data,121322.89,126435.0,4.2,,5,5,,adr 489.38 -> 468.69; occupancy 68.07 -> 74.07,"Galveston - TX (2).xlsx (2026-10-02): Cleaned_Data, Base_Table | archive/Galveston - TX (Jan 2026 snapshot, superseded).xlsx (2026-01-28): Cleaned_Data, Base_Table",
10419 Stewart Rd,92,File 92,33,https://www.airbnb.com/rooms/895243258723240186,895243258723240186,"Sleep 20, Historic East End, Heated Huge Pool, Gia","Usable, possibly good",yes,Possibly Good Data,121018.43,121151.0,0.1,,5,5,,adr 701.19 -> 682.27; occupancy 47.35 -> 49.03,"Galveston - TX (2).xlsx (2026-10-02): Cleaned_Data, Base_Table | archive/Galveston - TX (Jan 2026 snapshot, superseded).xlsx (2026-01-28): Cleaned_Data, Base_Table",
10419 Stewart Rd,92,File 92,35,https://www.airbnb.com/rooms/1025371035364262668,1025371035364262668,Family Oasis with Pool + Game Room,Usable,yes,Good Data,110052.6,112593.0,2.3,,5,5,,adr 437.01 -> 402.46; occupancy 70.0 -> 74.34,"Galveston - TX (2).xlsx (2026-10-02): Cleaned_Data, Base_Table | archive/Galveston - TX (Jan 2026 snapshot, superseded).xlsx (2026-01-28): Cleaned_Data, Base_Table",
10419 Stewart Rd,92,File 92,36,https://www.airbnb.com/rooms/832648240610265368,832648240610265368,Three Bungalows to Spread out for Large Group or F,Usable,yes,Good Data,108070.33,106622.0,-1.3,,5,5,,adr 394.37 -> 342.81; occupancy 75.22 -> 84.91,"Galveston - TX (2).xlsx (2026-10-02): Cleaned_Data, Base_Table | archive/Galveston - TX (Jan 2026 snapshot, superseded).xlsx (2026-01-28): Cleaned_Data, Base_Table",
10419 Stewart Rd,92,File 92,37,https://www.airbnb.com/rooms/1059603050535686187,1059603050535686187,"Spacious Home: Resort style Pool walk to beach,",Usable,yes,Good Data,107253.23,99697.0,-7.0,,5,5,,adr 787.29 -> 784.71; occupancy 38.76 -> 33.93,"Galveston - TX (2).xlsx (2026-10-02): Cleaned_Data, Base_Table | archive/Galveston - TX (Jan 2026 snapshot, superseded).xlsx (2026-01-28): Cleaned_Data, Base_Table",
10419 Stewart Rd,92,File 92,38,https://www.airbnb.com/rooms/983781120304037157,983781120304037157,"Beach House w/ Game Room, Pool Table, Ocean Views",Usable,yes,Good Data,107058.57,105364.0,-1.6,,5,5,,adr 427.36 -> 468.36; occupancy 69.39 -> 62.36,"Galveston - TX (2).xlsx (2026-10-02): Cleaned_Data, Base_Table | archive/Galveston - TX (Jan 2026 snapshot, superseded).xlsx (2026-01-28): Cleaned_Data, Base_Table",
2413 Gerol Dr,103,File 103,26,https://www.airbnb.com/rooms/1373980083427842184,1373980083427842184,Bayfront | Pool | Hot Tub | Fire Pit | Sleeps 15,Usable,yes,Good Data,203286.0,203286.0,0.0,,5,5,,,"Galveston - TX (2).xlsx (2026-10-02): Cleaned_Data, Base_Table | archive/Galveston - TX (Jan 2026 snapshot, superseded).xlsx (2026-01-28): Cleaned_Data, Base_Table",
2413 Gerol Dr,103,File 103,27,https://www.airbnb.com/rooms/805967348373808886,805967348373808886,"Pelican Lookout | Heated Pool, Spa, Fire Pit, Bar",Usable,yes,Good Data,184011.0,184011.0,0.0,,4,4,,,"Galveston - TX (2).xlsx (2026-10-02): Cleaned_Data, Base_Table | archive/Galveston - TX (Jan 2026 snapshot, superseded).xlsx (2026-01-28): Cleaned_Data, Base_Table",
2413 Gerol Dr,103,File 103,28,https://www.airbnb.com/rooms/1125998148444601801,1125998148444601801,Heated Pool & Hot Tub | 5 Beds | Pets | Boat Slip,Usable,yes,Good Data,159028.0,159028.0,0.0,,5,5,,,"Galveston - TX (2).xlsx (2026-10-02): Cleaned_Data, Base_Table | archive/Galveston - TX (Jan 2026 snapshot, superseded).xlsx (2026-01-28): Cleaned_Data, Base_Table",
2413 Gerol Dr,103,File 103,29,https://www.airbnb.com/rooms/952257866792376314,952257866792376314,Spacious Canalfront Retreat w/ Pool & Private Dock,"Usable, possibly good",yes,Possibly Good Data,153864.0,153864.0,0.0,,6,6,,,"Galveston - TX (2).xlsx (2026-10-02): Cleaned_Data, Base_Table | archive/Galveston - TX (Jan 2026 snapshot, superseded).xlsx (2026-01-28): Base_Table",
2413 Gerol Dr,103,File 103,30,https://www.airbnb.com/rooms/1026919923135174777,1026919923135174777,"NEW Build: Pool, Fire Pit, Elevator, Mosquito Sys.",Usable,yes,Good Data,146398.0,146398.0,0.0,,4,4,,,"Galveston - TX (2).xlsx (2026-10-02): Cleaned_Data, Base_Table | archive/Galveston - TX (Jan 2026 snapshot, superseded).xlsx (2026-01-28): Cleaned_Data, Base_Table",
2413 Gerol Dr,103,File 103,31,https://www.airbnb.com/rooms/51358932,51358932,Modern Bayfront Retreat with Serene Views,Usable,yes,Good Data,131585.0,131585.0,0.0,,5,5,,,"Galveston - TX (2).xlsx (2026-10-02): Cleaned_Data, Base_Table | archive/Galveston - TX (Jan 2026 snapshot, superseded).xlsx (2026-01-28): Cleaned_Data, Base_Table",
2413 Gerol Dr,103,File 103,32,https://www.airbnb.com/rooms/44019525,44019525,Bayfront w Hot Tub | Boardwalk + Sunset Views,Usable,yes,Good Data,131265.0,131265.0,0.0,,4,4,,,"Galveston - TX (2).xlsx (2026-10-02): Cleaned_Data, Base_Table | archive/Galveston - TX (Jan 2026 snapshot, superseded).xlsx (2026-01-28): Cleaned_Data, Base_Table",
2413 Gerol Dr,103,File 103,33,https://www.airbnb.com/rooms/33254446,33254446,"Canal Front Home w/ Boat Slip, Game Room & Views",Usable,yes,Good Data,127127.0,127127.0,0.0,,6,6,,,"Galveston - TX (2).xlsx (2026-10-02): Cleaned_Data, Base_Table | archive/Galveston - TX (Jan 2026 snapshot, superseded).xlsx (2026-01-28): Cleaned_Data, Base_Table",
2413 Gerol Dr,103,File 103,34,https://www.airbnb.com/rooms/700697114032662020,700697114032662020,Agua Vista Waterfront Paradise/Hot Tub/Fish/Kayaks,Usable,yes,Good Data,120329.0,120329.0,0.0,,4,4,,,"Galveston - TX (2).xlsx (2026-10-02): Cleaned_Data, Base_Table | archive/Galveston - TX (Jan 2026 snapshot, superseded).xlsx (2026-01-28): Cleaned_Data, Base_Table",
2413 Gerol Dr,103,File 103,35,https://www.airbnb.com/rooms/579842644034038767,579842644034038767,Canal Front Home with Pool & Direct Fishing Access,Usable,yes,Good Data,120022.0,120022.0,0.0,,4,4,,,"Galveston - TX (2).xlsx (2026-10-02): Cleaned_Data, Base_Table | archive/Galveston - TX (Jan 2026 snapshot, superseded).xlsx (2026-01-28): Cleaned_Data, Base_Table",
2413 Gerol Dr,103,File 103,36,https://www.airbnb.com/rooms/1386275199889614705,1386275199889614705,"Jamaican Waves  Canal Front, Hot Tub, Dock, Kayaks",Usable,yes,Good Data,117586.0,117586.0,0.0,,5,5,,,"Galveston - TX (2).xlsx (2026-10-02): Cleaned_Data, Base_Table | archive/Galveston - TX (Jan 2026 snapshot, superseded).xlsx (2026-01-28): Base_Table",
2413 Gerol Dr,103,File 103,37,https://www.airbnb.com/rooms/883350914585539769,883350914585539769,Casa De Palmas: Waterfront retreat with pool,"Usable, possibly good",yes,Possibly Good Data,112278.0,112278.0,0.0,,4,4,,,"Galveston - TX (2).xlsx (2026-10-02): Cleaned_Data, Base_Table | archive/Galveston - TX (Jan 2026 snapshot, superseded).xlsx (2026-01-28): Base_Table",
5 Colony Park Cir,102,File 102,26,https://www.airbnb.com/rooms/1182756433215408510,1182756433215408510,The Archelon | Seen on TV! Heated POOL+Spa+Grill,"Usable, possibly good",yes,Possibly Good Data,157518.0,157518.0,0.0,,4,4,,,"Galveston - TX (2).xlsx (2026-10-02): Cleaned_Data, Base_Table",
5 Colony Park Cir,102,File 102,27,https://www.airbnb.com/rooms/1515949850638135575,1515949850638135575,Private Oasis with Pool and Game Room,"Usable, possibly good",yes,Possibly Good Data,132856.0,132856.0,0.0,,5,5,,,"Galveston - TX (2).xlsx (2026-10-02): Cleaned_Data, Base_Table",
5 Colony Park Cir,102,File 102,28,https://www.airbnb.com/rooms/579842644034038767,579842644034038767,Canal Front Home with Pool & Direct Fishing Access,Usable,yes,Good Data,120022.0,120022.0,0.0,,4,4,,,"Galveston - TX (2).xlsx (2026-10-02): Cleaned_Data, Base_Table | archive/Galveston - TX (Jan 2026 snapshot, superseded).xlsx (2026-01-28): Cleaned_Data, Base_Table",
5 Colony Park Cir,102,File 102,29,https://www.airbnb.com/rooms/960978944565514007,960978944565514007,Family Home in West Galveston w/ Arcade Near Beach,"Usable, possibly good",yes,Possibly Good Data,119411.0,119411.0,0.0,,5,5,,,"Galveston - TX (2).xlsx (2026-10-02): Cleaned_Data, Base_Table | archive/Galveston - TX (Jan 2026 snapshot, superseded).xlsx (2026-01-28): Base_Table",
5 Colony Park Cir,102,File 102,30,https://www.airbnb.com/rooms/1566752015697476110,1566752015697476110,Beachside Cottage- Private pool/close to beach,Usable,yes,Good Data,117880.0,117880.0,0.0,,4,4,,,"Galveston - TX (2).xlsx (2026-10-02): Cleaned_Data, Base_Table",
5 Colony Park Cir,102,File 102,31,https://www.airbnb.com/rooms/1386275199889614705,1386275199889614705,"Jamaican Waves  Canal Front, Hot Tub, Dock, Kayaks",Usable,yes,Good Data,117586.0,117586.0,0.0,,5,5,,,"Galveston - TX (2).xlsx (2026-10-02): Cleaned_Data, Base_Table | archive/Galveston - TX (Jan 2026 snapshot, superseded).xlsx (2026-01-28): Base_Table",
5 Colony Park Cir,102,File 102,32,https://www.airbnb.com/rooms/1025371035364262668,1025371035364262668,Family Oasis with Pool + Game Room,Usable,yes,Good Data,112593.0,112593.0,0.0,,5,5,,,"Galveston - TX (2).xlsx (2026-10-02): Cleaned_Data, Base_Table | archive/Galveston - TX (Jan 2026 snapshot, superseded).xlsx (2026-01-28): Cleaned_Data, Base_Table",
5 Colony Park Cir,102,File 102,33,https://www.airbnb.com/rooms/983781120304037157,983781120304037157,"Beach House w/ Game Room, Pool Table, Ocean Views",Usable,yes,Good Data,105364.0,105364.0,0.0,,5,5,,,"Galveston - TX (2).xlsx (2026-10-02): Cleaned_Data, Base_Table | archive/Galveston - TX (Jan 2026 snapshot, superseded).xlsx (2026-01-28): Cleaned_Data, Base_Table",
5 Colony Park Cir,102,File 102,34,https://www.airbnb.com/rooms/1059603050535686187,1059603050535686187,"Spacious Home: Resort style Pool walk to beach,",Usable,yes,Good Data,99697.0,99697.0,0.0,,5,5,,,"Galveston - TX (2).xlsx (2026-10-02): Cleaned_Data, Base_Table | archive/Galveston - TX (Jan 2026 snapshot, superseded).xlsx (2026-01-28): Cleaned_Data, Base_Table",
5 Colony Park Cir,102,File 102,35,https://www.airbnb.com/rooms/619459509331282010,619459509331282010,Island Retreat with Pool and Game Room,"Usable, possibly good",yes,Possibly Good Data,97697.0,97697.0,0.0,,5,5,,,"Galveston - TX (2).xlsx (2026-10-02): Cleaned_Data, Base_Table | archive/Galveston - TX (Jan 2026 snapshot, superseded).xlsx (2026-01-28): Base_Table",
5 Colony Park Cir,102,File 102,36,https://www.airbnb.com/rooms/750756368268199511,750756368268199511,Classic Home in the Heart of Galveston,"Usable, possibly good",yes,Possibly Good Data,91572.0,91572.0,0.0,,5,5,,,"Galveston - TX (2).xlsx (2026-10-02): Cleaned_Data, Base_Table | archive/Galveston - TX (Jan 2026 snapshot, superseded).xlsx (2026-01-28): Base_Table",
5 Colony Park Cir,102,File 102,37,https://www.airbnb.com/rooms/51747696,51747696,"Private Bungalow with Pool, Pond & Large Deck",Usable,yes,Good Data,78703.0,78703.0,0.0,,4,4,,,"Galveston - TX (2).xlsx (2026-10-02): Cleaned_Data, Base_Table | archive/Galveston - TX (Jan 2026 snapshot, superseded).xlsx (2026-01-28): Cleaned_Data, Base_Table",
6513 Golf Crest Dr,101,File 101,26,https://www.airbnb.com/rooms/893543817832021937,893543817832021937,Top 1% | Heated Pool | Hot Tub | Golf | Sleeps 14,Usable,yes,Good Data,197830.0,197830.0,0.0,,4,4,,,"Galveston - TX (2).xlsx (2026-10-02): Cleaned_Data, Base_Table | archive/Galveston - TX (Jan 2026 snapshot, superseded).xlsx (2026-01-28): Cleaned_Data, Base_Table",
6513 Golf Crest Dr,101,File 101,27,https://www.airbnb.com/rooms/1125998148444601801,1125998148444601801,Heated Pool & Hot Tub | 5 Beds | Pets | Boat Slip,Usable,yes,Good Data,159028.0,159028.0,0.0,,5,5,,,"Galveston - TX (2).xlsx (2026-10-02): Cleaned_Data, Base_Table | archive/Galveston - TX (Jan 2026 snapshot, superseded).xlsx (2026-01-28): Cleaned_Data, Base_Table",
6513 Golf Crest Dr,101,File 101,28,https://www.airbnb.com/rooms/1182756433215408510,1182756433215408510,The Archelon | Seen on TV! Heated POOL+Spa+Grill,"Usable, possibly good",yes,Possibly Good Data,157518.0,157518.0,0.0,,4,4,,,"Galveston - TX (2).xlsx (2026-10-02): Cleaned_Data, Base_Table",
6513 Golf Crest Dr,101,File 101,29,https://www.airbnb.com/rooms/1026919923135174777,1026919923135174777,"NEW Build: Pool, Fire Pit, Elevator, Mosquito Sys.",Usable,yes,Good Data,146398.0,146398.0,0.0,,4,4,,,"Galveston - TX (2).xlsx (2026-10-02): Cleaned_Data, Base_Table | archive/Galveston - TX (Jan 2026 snapshot, superseded).xlsx (2026-01-28): Cleaned_Data, Base_Table",
6513 Golf Crest Dr,101,File 101,30,https://www.airbnb.com/rooms/1244926209910410808,1244926209910410808,Buena Vista - 5BR w/ Pool | Hot Tub | Gulf Views,Usable,yes,Good Data,143711.0,143711.0,0.0,,5,5,,,"Galveston - TX (2).xlsx (2026-10-02): Cleaned_Data, Base_Table | archive/Galveston - TX (Jan 2026 snapshot, superseded).xlsx (2026-01-28): Cleaned_Data, Base_Table",
6513 Golf Crest Dr,101,File 101,31,https://www.airbnb.com/rooms/748392065929436775,748392065929436775,Paix Bleu Private Pool & Spa | 4BR Sleeps 12 | Pet,"Usable, possibly good",yes,Possibly Good Data,140970.0,140970.0,0.0,,4,4,,,"Galveston - TX (2).xlsx (2026-10-02): Cleaned_Data, Base_Table | archive/Galveston - TX (Jan 2026 snapshot, superseded).xlsx (2026-01-28): Cleaned_Data, Base_Table",
6513 Golf Crest Dr,101,File 101,32,https://www.airbnb.com/rooms/1515949850638135575,1515949850638135575,Private Oasis with Pool and Game Room,"Usable, possibly good",yes,Possibly Good Data,132856.0,132856.0,0.0,,5,5,,,"Galveston - TX (2).xlsx (2026-10-02): Cleaned_Data, Base_Table",
6513 Golf Crest Dr,101,File 101,33,https://www.airbnb.com/rooms/1273263277548246171,1273263277548246171,1902 Historic Sandpiper House/MicroWedding /Pool+,Usable,yes,Good Data,121368.0,121368.0,0.0,,5,5,,,"Galveston - TX (2).xlsx (2026-10-02): Cleaned_Data, Base_Table | archive/Galveston - TX (Jan 2026 snapshot, superseded).xlsx (2026-01-28): Cleaned_Data, Base_Table",
6513 Golf Crest Dr,101,File 101,34,https://www.airbnb.com/rooms/700697114032662020,700697114032662020,Agua Vista Waterfront Paradise/Hot Tub/Fish/Kayaks,Usable,yes,Good Data,120329.0,120329.0,0.0,,4,4,,,"Galveston - TX (2).xlsx (2026-10-02): Cleaned_Data, Base_Table | archive/Galveston - TX (Jan 2026 snapshot, superseded).xlsx (2026-01-28): Cleaned_Data, Base_Table",
6513 Golf Crest Dr,101,File 101,35,https://www.airbnb.com/rooms/1386275199889614705,1386275199889614705,"Jamaican Waves  Canal Front, Hot Tub, Dock, Kayaks",Usable,yes,Good Data,117586.0,117586.0,0.0,,5,5,,,"Galveston - TX (2).xlsx (2026-10-02): Cleaned_Data, Base_Table | archive/Galveston - TX (Jan 2026 snapshot, superseded).xlsx (2026-01-28): Base_Table",
6513 Golf Crest Dr,101,File 101,36,https://www.airbnb.com/rooms/559356695810863972,559356695810863972,"Tesla House - 4 Bed/3 Bath, Pool",Usable,yes,Good Data,112866.0,112866.0,0.0,,4,4,,,"Galveston - TX (2).xlsx (2026-10-02): Cleaned_Data, Base_Table | archive/Galveston - TX (Jan 2026 snapshot, superseded).xlsx (2026-01-28): Cleaned_Data, Base_Table",
6513 Golf Crest Dr,101,File 101,37,https://www.airbnb.com/rooms/47222619,47222619,"Charming Bungalow with Guest House, Near Seawall",Usable,yes,Good Data,98826.0,98826.0,0.0,,4,4,,,"Galveston - TX (2).xlsx (2026-10-02): Cleaned_Data, Base_Table | archive/Galveston - TX (Jan 2026 snapshot, superseded).xlsx (2026-01-28): Cleaned_Data, Base_Table",
11706 Opihi,96,With pool,26,https://www.airbnb.com/rooms/913985916243302519,913985916243302519,Welcome to Gulf Dream!,Usable,yes,Good Data,244129.79,227918.0,-6.6,,5,5,,adr 813.01 -> 810.4; occupancy 81.9 -> 77.01,"Galveston - TX (2).xlsx (2026-10-02): Cleaned_Data, Base_Table | archive/Galveston - TX (Jan 2026 snapshot, superseded).xlsx (2026-01-28): Cleaned_Data, Base_Table",
11706 Opihi,96,With pool,27,https://www.airbnb.com/rooms/768116349541211959,768116349541211959,Elegant Beachside Village Getaway,"Usable, possibly good",yes,Possibly Good Data,138618.01,140080.0,1.1,,5,5,,adr 530.04 -> 559.91; occupancy 72.16 -> 65.94,"Galveston - TX (2).xlsx (2026-10-02): Cleaned_Data, Base_Table | archive/Galveston - TX (Jan 2026 snapshot, superseded).xlsx (2026-01-28): Cleaned_Data, Base_Table",
11706 Opihi,96,With pool,29,https://www.airbnb.com/rooms/811963042030409313,811963042030409313,"Sunkissed Starfish: Heated Pool, Beach Access",Usable,yes,Good Data,124742.59,106300.0,-14.8,,5,5,,adr 1086.08 -> 708.84; occupancy 42.58 -> 45.07; HAS_hot_tub 0 -> 1,"Galveston - TX (2).xlsx (2026-10-02): Cleaned_Data, Base_Table | archive/Galveston - TX (Jan 2026 snapshot, superseded).xlsx (2026-01-28): Cleaned_Data, Base_Table",
11706 Opihi,96,With pool,32,https://www.airbnb.com/rooms/41398567,41398567,"Beautiful Beach House, Great Decks, Walk to Beach",Usable,yes,Good Data,121322.89,126435.0,4.2,,5,5,,adr 489.38 -> 468.69; occupancy 68.07 -> 74.07,"Galveston - TX (2).xlsx (2026-10-02): Cleaned_Data, Base_Table | archive/Galveston - TX (Jan 2026 snapshot, superseded).xlsx (2026-01-28): Cleaned_Data, Base_Table",
13414 Binnacle Way,105,File 105,26,https://www.airbnb.com/rooms/43869359,43869359,Beachfront + Hot Tub | Putt-Putt | Pet-Friendly,"Usable, possibly good",yes,Possibly Good Data,204205.0,204205.0,0.0,,3,3,,,"Galveston - TX (2).xlsx (2026-10-02): Cleaned_Data, Base_Table | archive/Galveston - TX (Jan 2026 snapshot, superseded).xlsx (2026-01-28): Cleaned_Data, Base_Table",
13414 Binnacle Way,105,File 105,27,https://www.airbnb.com/rooms/48996554,48996554,“ Coastal Castle of Galveston “ HEATED POOL & SPA!,Usable,yes,Good Data,201018.0,201018.0,0.0,,3,3,,,"Galveston - TX (2).xlsx (2026-10-02): Cleaned_Data, Base_Table | archive/Galveston - TX (Jan 2026 snapshot, superseded).xlsx (2026-01-28): Cleaned_Data, Base_Table",
13414 Binnacle Way,105,File 105,28,https://www.airbnb.com/rooms/35198083,35198083,"House literally on beach, Unobstructed Beach View","Usable, possibly good",yes,Possibly Good Data,163167.0,163167.0,0.0,,3,3,,,"Galveston - TX (2).xlsx (2026-10-02): Cleaned_Data, Base_Table | archive/Galveston - TX (Jan 2026 snapshot, superseded).xlsx (2026-01-28): Base_Table",
13414 Binnacle Way,105,File 105,29,https://www.airbnb.com/rooms/1373514728293589112,1373514728293589112,Heated Pool & Spa • Walk to Beach & Pleasure Pier,Usable,yes,Good Data,152813.0,152813.0,0.0,,3,3,,,"Galveston - TX (2).xlsx (2026-10-02): Cleaned_Data, Base_Table | archive/Galveston - TX (Jan 2026 snapshot, superseded).xlsx (2026-01-28): Cleaned_Data, Base_Table",
13414 Binnacle Way,105,File 105,30,https://www.airbnb.com/rooms/1278423935810379672,1278423935810379672,Galveston Beachfront House On The Sand,Usable,yes,Good Data,151694.0,151694.0,0.0,,3,3,,,"Galveston - TX (2).xlsx (2026-10-02): Cleaned_Data, Base_Table | archive/Galveston - TX (Jan 2026 snapshot, superseded).xlsx (2026-01-28): Cleaned_Data, Base_Table",
13414 Binnacle Way,105,File 105,31,https://www.airbnb.com/rooms/631864560970169102,631864560970169102,Bermuda Beach Beauty,Usable,yes,Good Data,143771.0,143771.0,0.0,,3,3,,HAS_waterfront 0 -> 1,"Galveston - TX (2).xlsx (2026-10-02): Cleaned_Data, Base_Table | archive/Galveston - TX (Jan 2026 snapshot, superseded).xlsx (2026-01-28): Cleaned_Data, Base_Table",
13414 Binnacle Way,105,File 105,32,https://www.airbnb.com/rooms/548624740443381700,548624740443381700,Beachfront Ocean Views 2 King Beds Upscale,"Usable, possibly good",yes,Possibly Good Data,135930.0,135930.0,0.0,,3,3,,,"Galveston - TX (2).xlsx (2026-10-02): Cleaned_Data, Base_Table | archive/Galveston - TX (Jan 2026 snapshot, superseded).xlsx (2026-01-28): Base_Table",
13414 Binnacle Way,105,File 105,33,https://www.airbnb.com/rooms/921933569537100518,921933569537100518,Heated Pool • Walk to Beach • Outdoor TV Lounge,Usable,yes,Good Data,132693.0,132693.0,0.0,,3,3,,,"Galveston - TX (2).xlsx (2026-10-02): Cleaned_Data, Base_Table | archive/Galveston - TX (Jan 2026 snapshot, superseded).xlsx (2026-01-28): Cleaned_Data, Base_Table",
13414 Binnacle Way,105,File 105,34,https://www.airbnb.com/rooms/1135519348028877534,1135519348028877534,"Summerwind: Pool, Firepit & 3 Blocks to Beach!",Usable,yes,Good Data,128592.0,128592.0,0.0,,3,3,,HAS_game_room 0 -> 1; HAS_waterfront 0 -> 1,"Galveston - TX (2).xlsx (2026-10-02): Cleaned_Data, Base_Table | archive/Galveston - TX (Jan 2026 snapshot, superseded).xlsx (2026-01-28): Cleaned_Data, Base_Table",
13414 Binnacle Way,105,File 105,35,https://www.airbnb.com/rooms/1151662009311677154,1151662009311677154,Beachside Heated Pool Hot Tub 2 King Beds Firepit,"Usable, possibly good",yes,Possibly Good Data,126482.0,126482.0,0.0,,3,3,,HAS_waterfront 0 -> 1,"Galveston - TX (2).xlsx (2026-10-02): Cleaned_Data, Base_Table | archive/Galveston - TX (Jan 2026 snapshot, superseded).xlsx (2026-01-28): Base_Table",
13414 Binnacle Way,105,File 105,36,https://www.airbnb.com/rooms/1329852236595016520,1329852236595016520,Epic Sunset Views * Heated Pool & Hot Tub,Usable,yes,Good Data,115053.0,115053.0,0.0,,3,3,,,"Galveston - TX (2).xlsx (2026-10-02): Cleaned_Data, Base_Table | archive/Galveston - TX (Jan 2026 snapshot, superseded).xlsx (2026-01-28): Cleaned_Data, Base_Table",
13414 Binnacle Way,105,File 105,37,https://www.airbnb.com/rooms/1350187983519833561,1350187983519833561,Waterfront Bay Home with Pool,"Usable, possibly good",yes,Possibly Good Data,99642.0,99642.0,0.0,,3,3,,,"Galveston - TX (2).xlsx (2026-10-02): Cleaned_Data, Base_Table | archive/Galveston - TX (Jan 2026 snapshot, superseded).xlsx (2026-01-28): Base_Table",
16538 Jean Lafitte Rd,95,File 95,27,https://www.airbnb.com/rooms/1125998148444601801,1125998148444601801,Heated Pool & Hot Tub | 5 Beds | Pets | Boat Slip,Usable,yes,Good Data,168171.25,159028.0,-5.4,,5,5,,adr 791.67 -> 782.49; occupancy 58.12 -> 56.98,"Galveston - TX (2).xlsx (2026-10-02): Cleaned_Data, Base_Table | archive/Galveston - TX (Jan 2026 snapshot, superseded).xlsx (2026-01-28): Cleaned_Data, Base_Table",
16643 Bermuda Way,94,File 94,26,https://www.airbnb.com/rooms/805967348373808886,805967348373808886,"Pelican Lookout | Heated Pool, Spa, Fire Pit, Bar",Usable,yes,Good Data,193622.59,184011.0,-5.0,,4,4,,adr 875.18 -> 920.6; occupancy 59.88 -> 54.78,"Galveston - TX (2).xlsx (2026-10-02): Cleaned_Data, Base_Table | archive/Galveston - TX (Jan 2026 snapshot, superseded).xlsx (2026-01-28): Cleaned_Data, Base_Table",
16643 Bermuda Way,94,File 94,27,https://www.airbnb.com/rooms/1125998148444601801,1125998148444601801,Heated Pool & Hot Tub | 5 Beds | Pets | Boat Slip,Usable,yes,Good Data,168171.25,159028.0,-5.4,,5,5,,adr 791.67 -> 782.49; occupancy 58.12 -> 56.98; HAS_hot_tub 0 -> 1,"Galveston - TX (2).xlsx (2026-10-02): Cleaned_Data, Base_Table | archive/Galveston - TX (Jan 2026 snapshot, superseded).xlsx (2026-01-28): Cleaned_Data, Base_Table",
16643 Bermuda Way,94,File 94,30,https://www.airbnb.com/rooms/5306196,5306196,"Bikes/kayaks, great fishing, fire pit, pickleball!",Usable,yes,Good Data,109902.05,98026.0,-10.8,,3,3,,adr 460.22 -> 499.14; occupancy 65.71 -> 58.1; HAS_pickleball 0 -> 1; HAS_playground 0 -> 1,"Galveston - TX (2).xlsx (2026-10-02): Cleaned_Data, Base_Table | archive/Galveston - TX (Jan 2026 snapshot, superseded).xlsx (2026-01-28): Cleaned_Data, Base_Table",
16643 Bermuda Way,94,File 94,31,https://www.airbnb.com/rooms/49247387,49247387,"Waterfront fun! Kayaks, Bikes, Fire Pit & Fishing!",Usable,yes,Good Data,107371.77,109263.0,1.8,,3,3,,adr 448.8 -> 503.43; occupancy 65.53 -> 59.35; HAS_playground 0 -> 1,"Galveston - TX (2).xlsx (2026-10-02): Cleaned_Data, Base_Table | archive/Galveston - TX (Jan 2026 snapshot, superseded).xlsx (2026-01-28): Cleaned_Data, Base_Table",
16643 Bermuda Way,94,File 94,32,https://www.airbnb.com/rooms/30962762,30962762,"Canal Front Getaway with Pool, Boat Slip & Views","Usable, possibly good",yes,Possibly Good Data,105586.96,107020.0,1.4,,5,5,,adr 414.18 -> 434.16; occupancy 69.35 -> 69.97; HAS_playground 0 -> 1,"Galveston - TX (2).xlsx (2026-10-02): Cleaned_Data, Base_Table | archive/Galveston - TX (Jan 2026 snapshot, superseded).xlsx (2026-01-28): Cleaned_Data, Base_Table",
16643 Bermuda Way,94,File 94,33,https://www.airbnb.com/rooms/11219465,11219465,"Bikes, kayaks, pickelball, firepit! Prime fishing!","Usable, possibly good",yes,Possibly Good Data,98623.39,94907.0,-3.8,,3,3,,adr 449.86 -> 495.15; occupancy 60.76 -> 52.87; HAS_playground 0 -> 1,"Galveston - TX (2).xlsx (2026-10-02): Cleaned_Data, Base_Table | archive/Galveston - TX (Jan 2026 snapshot, superseded).xlsx (2026-01-28): Cleaned_Data, Base_Table",
16643 Bermuda Way,94,File 94,34,https://www.airbnb.com/rooms/51086293,51086293,Waterfront Home!  Kids/Pet Friendly! Kayaks/Bikes!,Usable,yes,Good Data,85015.39,83983.0,-1.2,,3,3,,adr 410.99 -> 419.18; occupancy 56.94 -> 54.75,"Galveston - TX (2).xlsx (2026-10-02): Cleaned_Data, Base_Table | archive/Galveston - TX (Jan 2026 snapshot, superseded).xlsx (2026-01-28): Cleaned_Data, Base_Table",
16643 Bermuda Way,94,File 94,38,https://www.airbnb.com/rooms/805269227732981087,805269227732981087,Walk to Beach|2 King Beds| Fire Pit| Ping-pong|BBQ,Usable,yes,Good Data,72862.31,70115.0,-3.8,,4,4,,adr 417.33 -> 358.99; occupancy 53.95 -> 56.07,"Galveston - TX (2).xlsx (2026-10-02): Cleaned_Data, Base_Table | archive/Galveston - TX (Jan 2026 snapshot, superseded).xlsx (2026-01-28): Cleaned_Data, Base_Table",
16643 Bermuda Way,94,File 94,39,https://www.airbnb.com/rooms/26493022,26493022,Gated Deck for Children 3BR Great Fishing!,Usable,yes,Good Data,66951.42,63576.0,-5.0,,3,3,,adr 344.18 -> 340.1; occupancy 53.76 -> 53.5,"Galveston - TX (2).xlsx (2026-10-02): Cleaned_Data, Base_Table | archive/Galveston - TX (Jan 2026 snapshot, superseded).xlsx (2026-01-28): Cleaned_Data, Base_Table",
516 91st St,104,File 104,27,https://www.airbnb.com/rooms/1373980083427842184,1373980083427842184,Bayfront | Pool | Hot Tub | Fire Pit | Sleeps 15,Usable,yes,Good Data,203286.0,203286.0,0.0,,5,5,,,"Galveston - TX (2).xlsx (2026-10-02): Cleaned_Data, Base_Table | archive/Galveston - TX (Jan 2026 snapshot, superseded).xlsx (2026-01-28): Cleaned_Data, Base_Table",
516 91st St,104,File 104,28,https://www.airbnb.com/rooms/907368347581982176,907368347581982176,Private Heated Pool | Pool Table | Walk to Beach,"Usable, possibly good",yes,Possibly Good Data,185368.0,185368.0,0.0,,5,5,,,"Galveston - TX (2).xlsx (2026-10-02): Cleaned_Data, Base_Table | archive/Galveston - TX (Jan 2026 snapshot, superseded).xlsx (2026-01-28): Base_Table",
516 91st St,104,File 104,29,https://www.airbnb.com/rooms/1152857184000094383,1152857184000094383,"Oceanfront 5BR Hot Tub & Swim Spa, top 10 %home.",Usable,yes,Good Data,171425.0,171425.0,0.0,,5,5,,,"Galveston - TX (2).xlsx (2026-10-02): Cleaned_Data, Base_Table | archive/Galveston - TX (Jan 2026 snapshot, superseded).xlsx (2026-01-28): Cleaned_Data, Base_Table",
516 91st St,104,File 104,30,https://www.airbnb.com/rooms/1081902215751459169,1081902215751459169,Elevator & Hot Tub | Sleeps 12 | Dog-Friendly!,"Usable, possibly good",yes,Possibly Good Data,165542.0,165542.0,0.0,,5,5,,,"Galveston - TX (2).xlsx (2026-10-02): Cleaned_Data, Base_Table | archive/Galveston - TX (Jan 2026 snapshot, superseded).xlsx (2026-01-28): Cleaned_Data, Base_Table",
516 91st St,104,File 104,31,https://www.airbnb.com/rooms/1125998148444601801,1125998148444601801,Heated Pool & Hot Tub | 5 Beds | Pets | Boat Slip,Usable,yes,Good Data,159028.0,159028.0,0.0,,5,5,,,"Galveston - TX (2).xlsx (2026-10-02): Cleaned_Data, Base_Table | archive/Galveston - TX (Jan 2026 snapshot, superseded).xlsx (2026-01-28): Cleaned_Data, Base_Table",
516 91st St,104,File 104,33,https://www.airbnb.com/rooms/1567059316252850581,1567059316252850581,"Family Beach House | Swim Spa, Game Yard, Fire Pit",Usable,yes,Good Data,146835.0,146835.0,0.0,,5,5,,,"Galveston - TX (2).xlsx (2026-10-02): Cleaned_Data, Base_Table",
516 91st St,104,File 104,34,https://www.airbnb.com/rooms/42458232,42458232,Beach House w/ Great Ocean Views & Steps to Beach,"Usable, possibly good",yes,Possibly Good Data,138056.0,138056.0,0.0,,5,5,,,"Galveston - TX (2).xlsx (2026-10-02): Cleaned_Data, Base_Table",
516 91st St,104,File 104,35,https://www.airbnb.com/rooms/1515949850638135575,1515949850638135575,Private Oasis with Pool and Game Room,"Usable, possibly good",yes,Possibly Good Data,132856.0,132856.0,0.0,,5,5,,,"Galveston - TX (2).xlsx (2026-10-02): Cleaned_Data, Base_Table",
516 91st St,104,File 104,36,https://www.airbnb.com/rooms/895243258723240186,895243258723240186,"Sleep 20, Historic East End, Heated Huge Pool, Gia","Usable, possibly good",yes,Possibly Good Data,121151.0,121151.0,0.0,,5,5,,,"Galveston - TX (2).xlsx (2026-10-02): Cleaned_Data, Base_Table | archive/Galveston - TX (Jan 2026 snapshot, superseded).xlsx (2026-01-28): Cleaned_Data, Base_Table",
