,BACK TO MAIN TAB,,,,,,,,,Analyst Notes,,,,,,,,Disclaimer,,,
,,,,Prepared By:,Ifraham,,,,,"Property Details:
-- Bed / Bath (projected): 4 / 2 (5 BR with garage to bunk conversion)
-- Lot Size (sqft): 10450, 110 feet waterfront
-- Prop Size (sqft): 2620
Why This Property?
-- ,Canal waterfront property!  
-- The garage space becomes game room and bunk bed room
-- Highest tier only possible if a 2 storied deck is constructed
-- 
--",,,,,,,,"The numbers, data and representations made below or on any of our underwriting is subject to change without notice. While we attempt to represent data accurately, revenues may not be accurate, projected depreciation may not be accurate or your personal circumstances and operating ability may not be reflected in the underwriting. All data below, all metrics herein are not guaranteed to be accurate and should not be used to make investment decisions, influence past or present decision making nor should you hold us liable for any inaccuracies by reading this and inferring data on your own assumptions. By working with us, viewing this, you acknowledge that none of this is tax or financial advice and should not be construed as such. Please refer to your financial advisor, CPA or other licensed professional for your specific tax and financial questions/needs.",,,
,,,,PROPERTY URL:,https://www.zillow.com/homedetails/2413-Gerol-Dr-Galveston-TX-77551/27664660_zpid/,,,,,,,,,,,,,,,,
,,,,Optimzation List (Rough Estimate),,,Operating Expenses (OPEX), Monthly ,,,,,,,,,,,,,
,,,,Furniture / Decor / Essentials," $ 25,000 ",,Internet, $ 100 ,,,,,,,,,,,,,
,,,,"Garage to Bunk Bedroom (Half of the massive garage, include air hockey/foosball table))"," $ 50,000 ",,Utilities, $ 500 ,,,,,,,,,,,,,
,,,,"Garage to Gameroom (Other part of Garage, pool table, foosball table, arcades and poster (Asheville style))"," $ 20,000 ",,Pest Control , $ 50 ,,,,,,,,,,,,,
,Purchase Details,,$,Office to Bedroom," $ 5,000 ",,Pool/Hot Tub Maintenance , $ 200 ,,,,,,,,,,,,,
,Purchase Price,," $ 729,500 ",Play Ground (Beside Riverfront deck with a barrier on waters edge if necessary)," $ 15,000 ",,Outdoor/Landscaping, $ 100 ,,,,,,,,,,Common Extras,,,
,Down Payment,20%," $ 145,900 ","Hammocks,  Tropical Colour Items, Kayaks, Fishing accesories (2nd comp), "," $ 10,000 ",,Software, $ -   ,Keep at zero,,,,,,,,,Blinds ," $ 1,500 ",,
,Loan Amount,," $ 583,600 ","FIrepit on waters edge (Outdoor patios, lounge chairs)"," $ 10,000 ",,Household Supplies, $ 250 ,,,,,,,,,,Appliances," $ 5,000 ",,
,Interest Rate,,7.25%,"Deck Extension for lounging (2nd comp property, 50 feet along waters edge)"," $ 2,000 ",,Cleaning," $ 1,650 ",,,,,,,,,,Landscaping," $ 5,000 ",,
,Mortgage Years,,20,,,,Other,,,Cleaning Cost,# of Turns,,,,,,,Washer/Dryer," $ 2,000 ",,
,Closing Costs,3.00%," $ 21,885 ",,,,Property Taxes (Monthly)," $ 1,145 ",, $ 275 ,6,,,,,,,Baseboards/Molding," $ 2,500 ",,
,,,,,,,Insurance HOI, $ 650 ,,,,,,,,,,,,,
,Set Up,,$,"Misc including (Indoor Furnitures (New Beds, Dining Tables, Chairs)"," $ 25,000 ",,CapEx Reserve, $ 500 ,,,,,,,,,,Disclaimer,,,
,Renovation / Amenities / Furniture (Estimated),," $ 208,750 ",CoHost Essentials," $ 3,500 ",,MISC,,,,,,,,,,,"Construction estimates are provided as an approximation and should be considered a best-effort projection. It is not possible to determine exact costs prior to closing on a property. Due to the nature of physical real estate, unforeseen circumstances may arise that could lead to an increase in the overall budget. Additionally, any personal modifications or additions beyond the recommended scope will result in further budget adjustments.",,,
,,,,Design/Project Management," $ 25,000 ",,HOA fees, $ 5 ,,,,,,,,,,,,,
,,,,Install/Staging/Warehousing," $ 18,250 ",,PMI,,,,,,,,,,,,,,
,Total Out of Pocket (DP + closing costs + reno + design),," $ 376,535 ",Total,"$208,750",,Total Operating Expenses," $ 5,150 ",,,,,,,,,,,,,
,,,,,,,,,,,,,,,,,,,,,
,,,,,,,,,,,,,,,,,,,,,
,,,,,,,,,,,,,,,,,,,,,
,,,,,,,,,,,,,,,,,,,,,
,,,Low,Mid,High,,Listing URL,Revenue Potential,Bedrooms,Sleeps,ADR,Occupancy,HAS_hot_tub,HAS_pool,HAS_game_room,HAS_pickleball,HAS_mini_golf,HAS_sauna,HAS_playground,HAS_waterfront,Notes
,Forecasted Revenue ,," $ 110,000 "," $ 125,000 "," $ 160,000 ",,https://www.airbnb.com/rooms/1373980083427842184,"$203,286.00",5,15,$824.17,67.13%,1,1,1,0,0,0,0,1,Bayfront 5BR/4.5BA - pool + hot tub + game room + fire pit; strongest upper waterfront ceiling
,Operating Expenses (Estimated),4%," $ 59,328 "," $ 61,800 "," $ 64,272 ",,https://www.airbnb.com/rooms/805967348373808886,"$184,011.00",4,12,$920.60,54.78%,1,1,1,0,0,0,0,1,4BR/3BA canal home - heated pool + waterfront spa + fire pit + outdoor bar + kayaks; excellent upper direct product comp
,Property Management Fee,0%, $ -   , $ -   , $ -   ,,https://www.airbnb.com/rooms/1125998148444601801,"$159,028.00",5,13,$782.49,56.98%,1,1,0,0,0,0,0,1,5BR/4BA canal-front - heated pool + hot tub + dock/boat slip; excellent upper waterfront comp
,Net Operating Income,," $ 50,672 "," $ 63,200 "," $ 95,728 ",,https://www.airbnb.com/rooms/952257866792376314,"$153,864.00",6,12,$818.39,54.37%,0,1,0,0,0,0,0,1,6BR/5.5BA canal-front - private pool + dock; larger structural ceiling comp
,Debt Service,," $ 47,774 "," $ 47,774 "," $ 47,774 ",,https://www.airbnb.com/rooms/1026919923135174777,"$146,398.00",4,12,"$1,233.73",31.03%,0,1,1,0,0,0,0,1,4BR canal-front new build - heated pool + private dock + boat lift + game area; premium direct product benchmark
,Free CashFlow (Estimated),," $ 2,898 "," $ 15,426 "," $ 47,954 ",,https://www.airbnb.com/rooms/51358932,"$131,585.00",5,16,$478.21,73.62%,0,0,0,0,0,0,0,1,5BR/5.5BA bayfront - strong occupancy waterfront benchmark without pool
,Cash on Cash %,,0.77%,4.10%,12.74%,,https://www.airbnb.com/rooms/44019525,"$131,265.00",4,16,$458.34,78.27%,1,0,0,0,0,0,0,1,4BR/4.5BA bayfront - hot tub + boardwalk + sunset views; strong 4BR water-access comp
,Principal Pay Down,," $ 5,655 "," $ 5,655 "," $ 5,655 ",,https://www.airbnb.com/rooms/33254446,"$127,127.00",6,16,$566.22,59.29%,0,1,1,0,0,0,0,1,6BR/4BA canal-front - boat slip + pool + game room; larger-product comparison
N Scout,Annual RE Appreciation,3.50%," $ 25,533 "," $ 25,533 "," $ 25,533 ",,https://www.airbnb.com/rooms/700697114032662020,"$120,329.00",4,10,$379.06,85.59%,1,1,0,0,0,0,1,1,4BR/2.5BA waterfront - pool + hot tub + fishing + kayaks; strong high-occupancy direct comp
,Total Return,,9.05%,12.38%,21.02%,,https://www.airbnb.com/rooms/579842644034038767,"$120,022.00",4,16,$444.54,73.94%,0,1,1,0,0,0,0,1,4BR/2BA canal-front - private pool + game room + direct fishing access; excellent direct structural comp
,Total Return + Year 1 Tax Savings,,36.30%,39.63%,48.27%,,https://www.airbnb.com/rooms/1386275199889614705,"$117,586.00",5,16,$491.29,65.32%,1,1,1,0,0,0,0,1,Jamaica beach restrictions applied
,,,,,,,https://www.airbnb.com/rooms/883350914585539769,"$112,278.00",4,12,$607.68,61.05%,1,1,0,0,0,0,0,1,4BR/4.5BA waterfront - pool + hot tub; strong direct downside anchor
,Taxes,,,5 Year ,,,,,,,,,,,,,,,,,
,Land Assumptions,20%,,Cash Flow ,"$77,129",,,,,,,,,,,,,,,,
,Improvement Basis," $ 792,350 ",,Equity ,"$32,805",,,,,,,,,,,,,,,,
,Short Life Assets (SLAs)," $ 277,323 ",,Appreciation ,"$127,663",,,,,,,,,,,,,,,,
,Bonus Amount,100%,,Total ,"$237,597",,,,,,,,,,,,,,,,
,Tax Rate,37%,,,,,,,,,,,,,,,,,,,
,Y1 Loss from Depreciation," $ 277,323 ",,,,,,,,,,,,,,,,,,,
,Tax Savings," $ 102,609 ",,,,,,,Loan Amount,,," $ 583,600 ",,,,,,,,,
,,,,,,,,,Interest Rate,,,7.25%,,,,,,,,,
,,,,,,,,,Amortization Years,,, $ 30 ,,,,,,,,,
,,,,,,,,,,,,,,,,,,,,,
,,,,,,,,,,,,,,,,,,,,,
,,,,,,,,,, Beginning ,,,,Ending,,,,,,,
,,,,,,,,,Month, Balance , Payment , Interest ** , Principal ,Balance,Total Paydown, Average Paydown ,,,,,
,,,,,,,,,,,,,,,,,,,,,
,,,,,,,,,1,"$583,600","$3,981","$3,526",$455,"$583,145",$455,$455,,,,,
,,,,,,,,,2,"$583,145","$3,981","$3,523",$458,"$582,687",$920,$460,,,,,
,,,,,,,,,3,"$582,687","$3,981","$3,520",$461,"$582,226","$1,381",$460,,,,,
,,,,,,,,,4,"$582,226","$3,981","$3,518",$464,"$581,762","$1,845",$461,,,,,
,,,,,,,,,5,"$581,762","$3,981","$3,515",$466,"$581,296","$2,311",$462,,,,,
,,,,,,,,,6,"$581,296","$3,981","$3,512",$469,"$580,827","$2,780",$463,,,,,
,,,,,,,,,7,"$580,827","$3,981","$3,509",$472,"$580,355","$3,252",$465,,,,,
,,,,,,,,,8,"$580,355","$3,981","$3,506",$475,"$579,880","$3,727",$466,,,,,
,,,,,,,,,9,"$579,880","$3,981","$3,503",$478,"$579,402","$4,205",$467,,,,,
,,,,,,,,,10,"$579,402","$3,981","$3,501",$481,"$578,922","$4,685",$469,,,,,
,,,,,,,,,11,"$578,922","$3,981","$3,498",$484,"$578,438","$5,169",$470,,,,,
,,,,,,,,,12,"$578,438","$3,981","$3,495",$486,"$577,952","$5,655",$471,,,,,
,,,,,,,,,13,"$577,952","$3,981","$3,492",$489,"$577,462","$6,145",$473,,,,,
,,,,,,,,,14,"$577,462","$3,981","$3,489",$492,"$576,970","$6,637",$474,,,,,
,,,,,,,,,15,"$576,970","$3,981","$3,486",$495,"$576,475","$7,132",$475,,,,,
,,,,,,,,,16,"$576,475","$3,981","$3,483",$498,"$575,976","$7,631",$477,,,,,
,,,,,,,,,17,"$575,976","$3,981","$3,480",$501,"$575,475","$8,132",$478,,,,,
,,,,,,,,,18,"$575,475","$3,981","$3,477",$504,"$574,971","$8,636",$480,,,,,
,,,,,,,,,19,"$574,971","$3,981","$3,474",$507,"$574,463","$9,144",$481,,,,,
,,,,,,,,,20,"$574,463","$3,981","$3,471",$510,"$573,953","$9,654",$483,,,,,
,,,,,,,,,21,"$573,953","$3,981","$3,468",$514,"$573,439","$10,168",$484,,,,,
,,,,,,,,,22,"$573,439","$3,981","$3,465",$517,"$572,922","$10,685",$486,,,,,
,,,,,,,,,23,"$572,922","$3,981","$3,461",$520,"$572,403","$11,204",$487,,,,,
,,,,,,,,,24,"$572,403","$3,981","$3,458",$523,"$571,880","$11,727",$489,,,,,
,,,,,,,,,25,"$571,880","$3,981","$3,455",$526,"$571,354","$12,253",$490,,,,,
,,,,,,,,,26,"$571,354","$3,981","$3,452",$529,"$570,824","$12,783",$492,,,,,
,,,,,,,,,27,"$570,824","$3,981","$3,449",$532,"$570,292","$13,315",$493,,,,,
,,,,,,,,,28,"$570,292","$3,981","$3,446",$536,"$569,756","$13,851",$495,,,,,
,,,,,,,,,29,"$569,756","$3,981","$3,442",$539,"$569,217","$14,390",$496,,,,,
,,,,,,,,,30,"$569,217","$3,981","$3,439",$542,"$568,675","$14,932",$498,,,,,
,,,,,,,,,31,"$568,675","$3,981","$3,436",$545,"$568,130","$15,477",$499,,,,,
,,,,,,,,,32,"$568,130","$3,981","$3,432",$549,"$567,581","$16,026",$501,,,,,
,,,,,,,,,33,"$567,581","$3,981","$3,429",$552,"$567,029","$16,578",$502,,,,,
,,,,,,,,,34,"$567,029","$3,981","$3,426",$555,"$566,474","$17,133",$504,,,,,
,,,,,,,,,35,"$566,474","$3,981","$3,422",$559,"$565,915","$17,692",$505,,,,,
,,,,,,,,,36,"$565,915","$3,981","$3,419",$562,"$565,353","$18,254",$507,,,,,
,,,,,,,,,37,"$565,353","$3,981","$3,416",$566,"$564,787","$18,820",$509,,,,,
,,,,,,,,,38,"$564,787","$3,981","$3,412",$569,"$564,218","$19,389",$510,,,,,
,,,,,,,,,39,"$564,218","$3,981","$3,409",$572,"$563,646","$19,961",$512,,,,,
,,,,,,,,,40,"$563,646","$3,981","$3,405",$576,"$563,070","$20,537",$513,,,,,
,,,,,,,,,41,"$563,070","$3,981","$3,402",$579,"$562,491","$21,116",$515,,,,,
,,,,,,,,,42,"$562,491","$3,981","$3,398",$583,"$561,908","$21,699",$517,,,,,
,,,,,,,,,43,"$561,908","$3,981","$3,395",$586,"$561,322","$22,285",$518,,,,,
,,,,,,,,,44,"$561,322","$3,981","$3,391",$590,"$560,732","$22,875",$520,,,,,
,,,,,,,,,45,"$560,732","$3,981","$3,388",$593,"$560,139","$23,468",$522,,,,,
,,,,,,,,,46,"$560,139","$3,981","$3,384",$597,"$559,542","$24,065",$523,,,,,
,,,,,,,,,47,"$559,542","$3,981","$3,381",$601,"$558,941","$24,666",$525,,,,,
,,,,,,,,,48,"$558,941","$3,981","$3,377",$604,"$558,337","$25,270",$526,,,,,
,,,,,,,,,49,"$558,337","$3,981","$3,373",$608,"$557,729","$25,878",$528,,,,,
,,,,,,,,,50,"$557,729","$3,981","$3,370",$612,"$557,117","$26,490",$530,,,,,
,,,,,,,,,51,"$557,117","$3,981","$3,366",$615,"$556,502","$27,105",$531,,,,,
,,,,,,,,,52,"$556,502","$3,981","$3,362",$619,"$555,883","$27,724",$533,,,,,
,,,,,,,,,53,"$555,883","$3,981","$3,358",$623,"$555,260","$28,347",$535,,,,,
,,,,,,,,,54,"$555,260","$3,981","$3,355",$626,"$554,634","$28,973",$537,,,,,
,,,,,,,,,55,"$554,634","$3,981","$3,351",$630,"$554,003","$29,604",$538,,,,,
,,,,,,,,,56,"$554,003","$3,981","$3,347",$634,"$553,369","$30,238",$540,,,,,
,,,,,,,,,57,"$553,369","$3,981","$3,343",$638,"$552,731","$30,876",$542,,,,,
,,,,,,,,,58,"$552,731","$3,981","$3,339",$642,"$552,090","$31,517",$543,,,,,
,,,,,,,,,59,"$552,090","$3,981","$3,336",$646,"$551,444","$32,163",$545,,,,,
,,,,,,,,,60,"$551,444","$3,981","$3,332",$650,"$550,795","$32,812",$547,,,,,
,,,,,,,,,61,"$550,795","$3,981","$3,328",$653,"$550,141","$33,466",$549,,,,,
,,,,,,,,,62,"$550,141","$3,981","$3,324",$657,"$549,484","$34,123",$550,,,,,
,,,,,,,,,63,"$549,484","$3,981","$3,320",$661,"$548,822","$34,785",$552,,,,,
,,,,,,,,,64,"$548,822","$3,981","$3,316",$665,"$548,157","$35,450",$554,,,,,
,,,,,,,,,65,"$548,157","$3,981","$3,312",$669,"$547,488","$36,119",$556,,,,,
,,,,,,,,,66,"$547,488","$3,981","$3,308",$673,"$546,814","$36,793",$557,,,,,
,,,,,,,,,67,"$546,814","$3,981","$3,304",$678,"$546,137","$37,470",$559,,,,,
,,,,,,,,,68,"$546,137","$3,981","$3,300",$682,"$545,455","$38,152",$561,,,,,
,,,,,,,,,69,"$545,455","$3,981","$3,295",$686,"$544,769","$38,838",$563,,,,,
,,,,,,,,,70,"$544,769","$3,981","$3,291",$690,"$544,079","$39,528",$565,,,,,
,,,,,,,,,71,"$544,079","$3,981","$3,287",$694,"$543,385","$40,222",$567,,,,,
,,,,,,,,,72,"$543,385","$3,981","$3,283",$698,"$542,687","$40,920",$568,,,,,
,,,,,,,,,73,"$542,687","$3,981","$3,279",$702,"$541,985","$41,622",$570,,,,,
,,,,,,,,,74,"$541,985","$3,981","$3,274",$707,"$541,278","$42,329",$572,,,,,
,,,,,,,,,75,"$541,278","$3,981","$3,270",$711,"$540,567","$43,040",$574,,,,,
,,,,,,,,,76,"$540,567","$3,981","$3,266",$715,"$539,852","$43,755",$576,,,,,
,,,,,,,,,77,"$539,852","$3,981","$3,262",$720,"$539,132","$44,475",$578,,,,,
,,,,,,,,,78,"$539,132","$3,981","$3,257",$724,"$538,408","$45,199",$579,,,,,
,,,,,,,,,79,"$538,408","$3,981","$3,253",$728,"$537,680","$45,927",$581,,,,,
,,,,,,,,,80,"$537,680","$3,981","$3,248",$733,"$536,947","$46,660",$583,,,,,
,,,,,,,,,81,"$536,947","$3,981","$3,244",$737,"$536,210","$47,397",$585,,,,,
,,,,,,,,,82,"$536,210","$3,981","$3,240",$742,"$535,469","$48,138",$587,,,,,
,,,,,,,,,83,"$535,469","$3,981","$3,235",$746,"$534,722","$48,885",$589,,,,,
,,,,,,,,,84,"$534,722","$3,981","$3,231",$751,"$533,972","$49,635",$591,,,,,
,,,,,,,,,85,"$533,972","$3,981","$3,226",$755,"$533,217","$50,390",$593,,,,,
,,,,,,,,,86,"$533,217","$3,981","$3,222",$760,"$532,457","$51,150",$595,,,,,
,,,,,,,,,87,"$532,457","$3,981","$3,217",$764,"$531,693","$51,914",$597,,,,,
,,,,,,,,,88,"$531,693","$3,981","$3,212",$769,"$530,924","$52,683",$599,,,,,
,,,,,,,,,89,"$530,924","$3,981","$3,208",$774,"$530,151","$53,456",$601,,,,,
,,,,,,,,,90,"$530,151","$3,981","$3,203",$778,"$529,372","$54,235",$603,,,,,
,,,,,,,,,91,"$529,372","$3,981","$3,198",$783,"$528,589","$55,018",$605,,,,,
,,,,,,,,,92,"$528,589","$3,981","$3,194",$788,"$527,802","$55,805",$607,,,,,
,,,,,,,,,93,"$527,802","$3,981","$3,189",$792,"$527,009","$56,598",$609,,,,,
,,,,,,,,,94,"$527,009","$3,981","$3,184",$797,"$526,212","$57,395",$611,,,,,
,,,,,,,,,95,"$526,212","$3,981","$3,179",$802,"$525,410","$58,197",$613,,,,,
,,,,,,,,,96,"$525,410","$3,981","$3,174",$807,"$524,603","$59,004",$615,,,,,
,,,,,,,,,97,"$524,603","$3,981","$3,169",$812,"$523,792","$59,815",$617,,,,,
,,,,,,,,,98,"$523,792","$3,981","$3,165",$817,"$522,975","$60,632",$619,,,,,
,,,,,,,,,99,"$522,975","$3,981","$3,160",$822,"$522,154","$61,453",$621,,,,,
,,,,,,,,,100,"$522,154","$3,981","$3,155",$827,"$521,327","$62,280",$623,,,,,
,,,,,,,,,101,"$521,327","$3,981","$3,150",$831,"$520,496","$63,111",$625,,,,,
,,,,,,,,,102,"$520,496","$3,981","$3,145",$837,"$519,659","$63,948",$627,,,,,
,,,,,,,,,103,"$519,659","$3,981","$3,140",$842,"$518,818","$64,789",$629,,,,,
,,,,,,,,,104,"$518,818","$3,981","$3,135",$847,"$517,971","$65,636",$631,,,,,
,,,,,,,,,105,"$517,971","$3,981","$3,129",$852,"$517,119","$66,488",$633,,,,,
,,,,,,,,,106,"$517,119","$3,981","$3,124",$857,"$516,262","$67,345",$635,,,,,
,,,,,,,,,107,"$516,262","$3,981","$3,119",$862,"$515,400","$68,207",$637,,,,,
,,,,,,,,,108,"$515,400","$3,981","$3,114",$867,"$514,533","$69,074",$640,,,,,
,,,,,,,,,109,"$514,533","$3,981","$3,109",$873,"$513,660","$69,947",$642,,,,,
,,,,,,,,,110,"$513,660","$3,981","$3,103",$878,"$512,782","$70,825",$644,,,,,
,,,,,,,,,111,"$512,782","$3,981","$3,098",$883,"$511,899","$71,708",$646,,,,,
,,,,,,,,,112,"$511,899","$3,981","$3,093",$888,"$511,011","$72,596",$648,,,,,
,,,,,,,,,113,"$511,011","$3,981","$3,087",$894,"$510,117","$73,490",$650,,,,,
,,,,,,,,,114,"$510,117","$3,981","$3,082",$899,"$509,218","$74,389",$653,,,,,
,,,,,,,,,115,"$509,218","$3,981","$3,077",$905,"$508,313","$75,294",$655,,,,,
,,,,,,,,,116,"$508,313","$3,981","$3,071",$910,"$507,403","$76,204",$657,,,,,
,,,,,,,,,117,"$507,403","$3,981","$3,066",$916,"$506,487","$77,120",$659,,,,,
,,,,,,,,,118,"$506,487","$3,981","$3,060",$921,"$505,566","$78,041",$661,,,,,
,,,,,,,,,119,"$505,566","$3,981","$3,054",$927,"$504,640","$78,967",$664,,,,,
,,,,,,,,,120,"$504,640","$3,981","$3,049",$932,"$503,707","$79,900",$666,,,,,
,,,,,,,,,121,"$503,707","$3,981","$3,043",$938,"$502,769","$80,838",$668,,,,,
,,,,,,,,,122,"$502,769","$3,981","$3,038",$944,"$501,826","$81,781",$670,,,,,
,,,,,,,,,123,"$501,826","$3,981","$3,032",$949,"$500,876","$82,731",$673,,,,,
,,,,,,,,,124,"$500,876","$3,981","$3,026",$955,"$499,921","$83,686",$675,,,,,
,,,,,,,,,125,"$499,921","$3,981","$3,020",$961,"$498,960","$84,647",$677,,,,,
,,,,,,,,,126,"$498,960","$3,981","$3,015",$967,"$497,994","$85,613",$679,,,,,
,,,,,,,,,127,"$497,994","$3,981","$3,009",$972,"$497,021","$86,586",$682,,,,,
,,,,,,,,,128,"$497,021","$3,981","$3,003",$978,"$496,043","$87,564",$684,,,,,
,,,,,,,,,129,"$496,043","$3,981","$2,997",$984,"$495,059","$88,548",$686,,,,,
,,,,,,,,,130,"$495,059","$3,981","$2,991",$990,"$494,069","$89,538",$689,,,,,
,,,,,,,,,131,"$494,069","$3,981","$2,985",$996,"$493,072","$90,535",$691,,,,,
,,,,,,,,,132,"$493,072","$3,981","$2,979","$1,002","$492,070","$91,537",$693,,,,,
,,,,,,,,,133,"$492,070","$3,981","$2,973","$1,008","$491,062","$92,545",$696,,,,,
,,,,,,,,,134,"$491,062","$3,981","$2,967","$1,014","$490,048","$93,559",$698,,,,,
,,,,,,,,,135,"$490,048","$3,981","$2,961","$1,020","$489,027","$94,580",$701,,,,,
,,,,,,,,,136,"$489,027","$3,981","$2,955","$1,027","$488,000","$95,607",$703,,,,,
,,,,,,,,,137,"$488,000","$3,981","$2,948","$1,033","$486,968","$96,639",$705,,,,,
,,,,,,,,,138,"$486,968","$3,981","$2,942","$1,039","$485,929","$97,678",$708,,,,,
,,,,,,,,,139,"$485,929","$3,981","$2,936","$1,045","$484,883","$98,724",$710,,,,,
,,,,,,,,,140,"$484,883","$3,981","$2,930","$1,052","$483,831","$99,776",$713,,,,,
,,,,,,,,,141,"$483,831","$3,981","$2,923","$1,058","$482,773","$100,834",$715,,,,,
,,,,,,,,,142,"$482,773","$3,981","$2,917","$1,064","$481,709","$101,898",$718,,,,,
,,,,,,,,,143,"$481,709","$3,981","$2,910","$1,071","$480,638","$102,969",$720,,,,,
,,,,,,,,,144,"$480,638","$3,981","$2,904","$1,077","$479,561","$104,046",$723,,,,,
,,,,,,,,,145,"$479,561","$3,981","$2,897","$1,084","$478,477","$105,130",$725,,,,,
,,,,,,,,,146,"$478,477","$3,981","$2,891","$1,090","$477,387","$106,220",$728,,,,,
,,,,,,,,,147,"$477,387","$3,981","$2,884","$1,097","$476,290","$107,317",$730,,,,,
,,,,,,,,,148,"$476,290","$3,981","$2,878","$1,104","$475,186","$108,421",$733,,,,,
,,,,,,,,,149,"$475,186","$3,981","$2,871","$1,110","$474,076","$109,531",$735,,,,,
,,,,,,,,,150,"$474,076","$3,981","$2,864","$1,117","$472,959","$110,648",$738,,,,,
,,,,,,,,,151,"$472,959","$3,981","$2,857","$1,124","$471,835","$111,772",$740,,,,,
,,,,,,,,,152,"$471,835","$3,981","$2,851","$1,131","$470,705","$112,902",$743,,,,,
,,,,,,,,,153,"$470,705","$3,981","$2,844","$1,137","$469,567","$114,040",$745,,,,,
,,,,,,,,,154,"$469,567","$3,981","$2,837","$1,144","$468,423","$115,184",$748,,,,,
,,,,,,,,,155,"$468,423","$3,981","$2,830","$1,151","$467,272","$116,335",$751,,,,,
,,,,,,,,,156,"$467,272","$3,981","$2,823","$1,158","$466,114","$117,493",$753,,,,,
,,,,,,,,,157,"$466,114","$3,981","$2,816","$1,165","$464,949","$118,658",$756,,,,,
,,,,,,,,,158,"$464,949","$3,981","$2,809","$1,172","$463,777","$119,830",$758,,,,,
,,,,,,,,,159,"$463,777","$3,981","$2,802","$1,179","$462,597","$121,010",$761,,,,,
,,,,,,,,,160,"$462,597","$3,981","$2,795","$1,186","$461,411","$122,196",$764,,,,,
,,,,,,,,,161,"$461,411","$3,981","$2,788","$1,193","$460,218","$123,389",$766,,,,,
,,,,,,,,,162,"$460,218","$3,981","$2,780","$1,201","$459,017","$124,590",$769,,,,,
,,,,,,,,,163,"$459,017","$3,981","$2,773","$1,208","$457,809","$125,798",$772,,,,,
,,,,,,,,,164,"$457,809","$3,981","$2,766","$1,215","$456,594","$127,013",$774,,,,,
,,,,,,,,,165,"$456,594","$3,981","$2,759","$1,223","$455,371","$128,236",$777,,,,,
,,,,,,,,,166,"$455,371","$3,981","$2,751","$1,230","$454,141","$129,466",$780,,,,,
,,,,,,,,,167,"$454,141","$3,981","$2,744","$1,237","$452,904","$130,703",$783,,,,,
,,,,,,,,,168,"$452,904","$3,981","$2,736","$1,245","$451,659","$131,948",$785,,,,,
,,,,,,,,,169,"$451,659","$3,981","$2,729","$1,252","$450,406","$133,201",$788,,,,,
,,,,,,,,,170,"$450,406","$3,981","$2,721","$1,260","$449,146","$134,461",$791,,,,,
,,,,,,,,,171,"$449,146","$3,981","$2,714","$1,268","$447,879","$135,728",$794,,,,,
,,,,,,,,,172,"$447,879","$3,981","$2,706","$1,275","$446,604","$137,003",$797,,,,,
,,,,,,,,,173,"$446,604","$3,981","$2,698","$1,283","$445,321","$138,286",$799,,,,,
,,,,,,,,,174,"$445,321","$3,981","$2,690","$1,291","$444,030","$139,577",$802,,,,,
,,,,,,,,,175,"$444,030","$3,981","$2,683","$1,298","$442,731","$140,876",$805,,,,,
,,,,,,,,,176,"$442,731","$3,981","$2,675","$1,306","$441,425","$142,182",$808,,,,,
,,,,,,,,,177,"$441,425","$3,981","$2,667","$1,314","$440,111","$143,496",$811,,,,,
,,,,,,,,,178,"$440,111","$3,981","$2,659","$1,322","$438,789","$144,818",$814,,,,,
,,,,,,,,,179,"$438,789","$3,981","$2,651","$1,330","$437,459","$146,148",$816,,,,,
,,,,,,,,,180,"$437,459","$3,981","$2,643","$1,338","$436,120","$147,487",$819,,,,,
,,,,,,,,,181,"$436,120","$3,981","$2,635","$1,346","$434,774","$148,833",$822,,,,,
,,,,,,,,,182,"$434,774","$3,981","$2,627","$1,354","$433,420","$150,187",$825,,,,,
,,,,,,,,,183,"$433,420","$3,981","$2,619","$1,363","$432,057","$151,550",$828,,,,,
,,,,,,,,,184,"$432,057","$3,981","$2,610","$1,371","$430,686","$152,921",$831,,,,,
,,,,,,,,,185,"$430,686","$3,981","$2,602","$1,379","$429,307","$154,300",$834,,,,,
,,,,,,,,,186,"$429,307","$3,981","$2,594","$1,387","$427,920","$155,687",$837,,,,,
,,,,,,,,,187,"$427,920","$3,981","$2,585","$1,396","$426,524","$157,083",$840,,,,,
,,,,,,,,,188,"$426,524","$3,981","$2,577","$1,404","$425,120","$158,487",$843,,,,,
,,,,,,,,,189,"$425,120","$3,981","$2,568","$1,413","$423,707","$159,900",$846,,,,,
,,,,,,,,,190,"$423,707","$3,981","$2,560","$1,421","$422,285","$161,322",$849,,,,,
,,,,,,,,,191,"$422,285","$3,981","$2,551","$1,430","$420,856","$162,751",$852,,,,,
,,,,,,,,,192,"$420,856","$3,981","$2,543","$1,439","$419,417","$164,190",$855,,,,,
,,,,,,,,,193,"$419,417","$3,981","$2,534","$1,447","$417,970","$165,637",$858,,,,,
,,,,,,,,,194,"$417,970","$3,981","$2,525","$1,456","$416,514","$167,093",$861,,,,,
,,,,,,,,,195,"$416,514","$3,981","$2,516","$1,465","$415,049","$168,558",$864,,,,,
,,,,,,,,,196,"$415,049","$3,981","$2,508","$1,474","$413,576","$170,031",$868,,,,,
,,,,,,,,,197,"$413,576","$3,981","$2,499","$1,482","$412,093","$171,514",$871,,,,,
,,,,,,,,,198,"$412,093","$3,981","$2,490","$1,491","$410,602","$173,005",$874,,,,,
,,,,,,,,,199,"$410,602","$3,981","$2,481","$1,500","$409,101","$174,506",$877,,,,,
,,,,,,,,,200,"$409,101","$3,981","$2,472","$1,510","$407,592","$176,015",$880,,,,,
,,,,,,,,,201,"$407,592","$3,981","$2,463","$1,519","$406,073","$177,534",$883,,,,,
,,,,,,,,,202,"$406,073","$3,981","$2,453","$1,528","$404,545","$179,062",$886,,,,,
,,,,,,,,,203,"$404,545","$3,981","$2,444","$1,537","$403,008","$180,599",$890,,,,,
,,,,,,,,,204,"$403,008","$3,981","$2,435","$1,546","$401,462","$182,145",$893,,,,,
,,,,,,,,,205,"$401,462","$3,981","$2,425","$1,556","$399,906","$183,701",$896,,,,,
,,,,,,,,,206,"$399,906","$3,981","$2,416","$1,565","$398,341","$185,266",$899,,,,,
,,,,,,,,,207,"$398,341","$3,981","$2,407","$1,575","$396,767","$186,840",$903,,,,,
,,,,,,,,,208,"$396,767","$3,981","$2,397","$1,584","$395,182","$188,425",$906,,,,,
,,,,,,,,,209,"$395,182","$3,981","$2,388","$1,594","$393,589","$190,018",$909,,,,,
,,,,,,,,,210,"$393,589","$3,981","$2,378","$1,603","$391,986","$191,621",$912,,,,,
,,,,,,,,,211,"$391,986","$3,981","$2,368","$1,613","$390,373","$193,234",$916,,,,,
,,,,,,,,,212,"$390,373","$3,981","$2,359","$1,623","$388,750","$194,857",$919,,,,,
,,,,,,,,,213,"$388,750","$3,981","$2,349","$1,632","$387,118","$196,489",$922,,,,,
,,,,,,,,,214,"$387,118","$3,981","$2,339","$1,642","$385,475","$198,132",$926,,,,,
,,,,,,,,,215,"$385,475","$3,981","$2,329","$1,652","$383,823","$199,784",$929,,,,,
,,,,,,,,,216,"$383,823","$3,981","$2,319","$1,662","$382,161","$201,446",$933,,,,,
,,,,,,,,,217,"$382,161","$3,981","$2,309","$1,672","$380,488","$203,119",$936,,,,,
,,,,,,,,,218,"$380,488","$3,981","$2,299","$1,682","$378,806","$204,801",$939,,,,,
,,,,,,,,,219,"$378,806","$3,981","$2,289","$1,693","$377,113","$206,494",$943,,,,,
,,,,,,,,,220,"$377,113","$3,981","$2,278","$1,703","$375,411","$208,196",$946,,,,,
,,,,,,,,,221,"$375,411","$3,981","$2,268","$1,713","$373,698","$209,909",$950,,,,,
,,,,,,,,,222,"$373,698","$3,981","$2,258","$1,723","$371,974","$211,633",$953,,,,,
,,,,,,,,,223,"$371,974","$3,981","$2,247","$1,734","$370,240","$213,367",$957,,,,,
,,,,,,,,,224,"$370,240","$3,981","$2,237","$1,744","$368,496","$215,111",$960,,,,,
,,,,,,,,,225,"$368,496","$3,981","$2,226","$1,755","$366,741","$216,866",$964,,,,,
,,,,,,,,,226,"$366,741","$3,981","$2,216","$1,765","$364,976","$218,631",$967,,,,,
,,,,,,,,,227,"$364,976","$3,981","$2,205","$1,776","$363,200","$220,407",$971,,,,,
,,,,,,,,,228,"$363,200","$3,981","$2,194","$1,787","$361,413","$222,194",$975,,,,,
,,,,,,,,,229,"$361,413","$3,981","$2,184","$1,798","$359,615","$223,992",$978,,,,,
,,,,,,,,,230,"$359,615","$3,981","$2,173","$1,809","$357,807","$225,800",$982,,,,,
,,,,,,,,,231,"$357,807","$3,981","$2,162","$1,819","$355,987","$227,620",$985,,,,,
,,,,,,,,,232,"$355,987","$3,981","$2,151","$1,830","$354,157","$229,450",$989,,,,,
,,,,,,,,,233,"$354,157","$3,981","$2,140","$1,841","$352,315","$231,292",$993,,,,,
,,,,,,,,,234,"$352,315","$3,981","$2,129","$1,853","$350,463","$233,144",$996,,,,,
,,,,,,,,,235,"$350,463","$3,981","$2,117","$1,864","$348,599","$235,008","$1,000",,,,,
,,,,,,,,,236,"$348,599","$3,981","$2,106","$1,875","$346,724","$236,883","$1,004",,,,,
,,,,,,,,,237,"$346,724","$3,981","$2,095","$1,886","$344,837","$238,770","$1,007",,,,,
,,,,,,,,,238,"$344,837","$3,981","$2,083","$1,898","$342,940","$240,667","$1,011",,,,,
,,,,,,,,,239,"$342,940","$3,981","$2,072","$1,909","$341,030","$242,577","$1,015",,,,,
,,,,,,,,,240,"$341,030","$3,981","$2,060","$1,921","$339,109","$244,498","$1,019",,,,,
,,,,,,,,,241,"$339,109","$3,981","$2,049","$1,932","$337,177","$246,430","$1,023",,,,,
,,,,,,,,,242,"$337,177","$3,981","$2,037","$1,944","$335,233","$248,374","$1,026",,,,,
,,,,,,,,,243,"$335,233","$3,981","$2,025","$1,956","$333,277","$250,330","$1,030",,,,,
,,,,,,,,,244,"$333,277","$3,981","$2,014","$1,968","$331,310","$252,297","$1,034",,,,,
,,,,,,,,,245,"$331,310","$3,981","$2,002","$1,980","$329,330","$254,277","$1,038",,,,,
,,,,,,,,,246,"$329,330","$3,981","$1,990","$1,991","$327,339","$256,268","$1,042",,,,,
,,,,,,,,,247,"$327,339","$3,981","$1,978","$2,004","$325,335","$258,272","$1,046",,,,,
,,,,,,,,,248,"$325,335","$3,981","$1,966","$2,016","$323,319","$260,288","$1,050",,,,,
,,,,,,,,,249,"$323,319","$3,981","$1,953","$2,028","$321,292","$262,315","$1,053",,,,,
,,,,,,,,,250,"$321,292","$3,981","$1,941","$2,040","$319,252","$264,355","$1,057",,,,,
,,,,,,,,,251,"$319,252","$3,981","$1,929","$2,052","$317,199","$266,408","$1,061",,,,,
,,,,,,,,,252,"$317,199","$3,981","$1,916","$2,065","$315,134","$268,473","$1,065",,,,,
,,,,,,,,,253,"$315,134","$3,981","$1,904","$2,077","$313,057","$270,550","$1,069",,,,,
,,,,,,,,,254,"$313,057","$3,981","$1,891","$2,090","$310,967","$272,640","$1,073",,,,,
,,,,,,,,,255,"$310,967","$3,981","$1,879","$2,102","$308,865","$274,742","$1,077",,,,,
,,,,,,,,,256,"$308,865","$3,981","$1,866","$2,115","$306,750","$276,857","$1,081",,,,,
,,,,,,,,,257,"$306,750","$3,981","$1,853","$2,128","$304,622","$278,985","$1,086",,,,,
,,,,,,,,,258,"$304,622","$3,981","$1,840","$2,141","$302,481","$281,126","$1,090",,,,,
,,,,,,,,,259,"$302,481","$3,981","$1,827","$2,154","$300,328","$283,279","$1,094",,,,,
,,,,,,,,,260,"$300,328","$3,981","$1,814","$2,167","$298,161","$285,446","$1,098",,,,,
,,,,,,,,,261,"$298,161","$3,981","$1,801","$2,180","$295,981","$287,626","$1,102",,,,,
,,,,,,,,,262,"$295,981","$3,981","$1,788","$2,193","$293,788","$289,819","$1,106",,,,,
,,,,,,,,,263,"$293,788","$3,981","$1,775","$2,206","$291,582","$292,025","$1,110",,,,,
,,,,,,,,,264,"$291,582","$3,981","$1,762","$2,220","$289,362","$294,245","$1,115",,,,,
,,,,,,,,,265,"$289,362","$3,981","$1,748","$2,233","$287,129","$296,478","$1,119",,,,,
,,,,,,,,,266,"$287,129","$3,981","$1,735","$2,246","$284,883","$298,724","$1,123",,,,,
,,,,,,,,,267,"$284,883","$3,981","$1,721","$2,260","$282,623","$300,984","$1,127",,,,,
,,,,,,,,,268,"$282,623","$3,981","$1,708","$2,274","$280,349","$303,258","$1,132",,,,,
,,,,,,,,,269,"$280,349","$3,981","$1,694","$2,287","$278,062","$305,545","$1,136",,,,,
,,,,,,,,,270,"$278,062","$3,981","$1,680","$2,301","$275,761","$307,846","$1,140",,,,,
,,,,,,,,,271,"$275,761","$3,981","$1,666","$2,315","$273,446","$310,161","$1,145",,,,,
,,,,,,,,,272,"$273,446","$3,981","$1,652","$2,329","$271,116","$312,491","$1,149",,,,,
,,,,,,,,,273,"$271,116","$3,981","$1,638","$2,343","$268,773","$314,834","$1,153",,,,,
,,,,,,,,,274,"$268,773","$3,981","$1,624","$2,357","$266,416","$317,191","$1,158",,,,,
,,,,,,,,,275,"$266,416","$3,981","$1,610","$2,372","$264,044","$319,563","$1,162",,,,,
,,,,,,,,,276,"$264,044","$3,981","$1,595","$2,386","$261,658","$321,949","$1,166",,,,,
,,,,,,,,,277,"$261,658","$3,981","$1,581","$2,400","$259,258","$324,349","$1,171",,,,,
,,,,,,,,,278,"$259,258","$3,981","$1,566","$2,415","$256,843","$326,764","$1,175",,,,,
,,,,,,,,,279,"$256,843","$3,981","$1,552","$2,429","$254,414","$329,193","$1,180",,,,,
,,,,,,,,,280,"$254,414","$3,981","$1,537","$2,444","$251,970","$331,637","$1,184",,,,,
,,,,,,,,,281,"$251,970","$3,981","$1,522","$2,459","$249,511","$334,096","$1,189",,,,,
,,,,,,,,,282,"$249,511","$3,981","$1,507","$2,474","$247,037","$336,570","$1,194",,,,,
,,,,,,,,,283,"$247,037","$3,981","$1,493","$2,489","$244,548","$339,059","$1,198",,,,,
,,,,,,,,,284,"$244,548","$3,981","$1,477","$2,504","$242,045","$341,562","$1,203",,,,,
,,,,,,,,,285,"$242,045","$3,981","$1,462","$2,519","$239,526","$344,081","$1,207",,,,,
,,,,,,,,,286,"$239,526","$3,981","$1,447","$2,534","$236,992","$346,615","$1,212",,,,,
,,,,,,,,,287,"$236,992","$3,981","$1,432","$2,549","$234,443","$349,164","$1,217",,,,,
,,,,,,,,,288,"$234,443","$3,981","$1,416","$2,565","$231,878","$351,729","$1,221",,,,,
,,,,,,,,,289,"$231,878","$3,981","$1,401","$2,580","$229,298","$354,309","$1,226",,,,,
,,,,,,,,,290,"$229,298","$3,981","$1,385","$2,596","$226,702","$356,905","$1,231",,,,,
,,,,,,,,,291,"$226,702","$3,981","$1,370","$2,612","$224,090","$359,517","$1,235",,,,,
,,,,,,,,,292,"$224,090","$3,981","$1,354","$2,627","$221,463","$362,144","$1,240",,,,,
,,,,,,,,,293,"$221,463","$3,981","$1,338","$2,643","$218,820","$364,787","$1,245",,,,,
,,,,,,,,,294,"$218,820","$3,981","$1,322","$2,659","$216,161","$367,446","$1,250",,,,,
,,,,,,,,,295,"$216,161","$3,981","$1,306","$2,675","$213,485","$370,122","$1,255",,,,,
,,,,,,,,,296,"$213,485","$3,981","$1,290","$2,691","$210,794","$372,813","$1,260",,,,,
,,,,,,,,,297,"$210,794","$3,981","$1,274","$2,708","$208,086","$375,521","$1,264",,,,,
,,,,,,,,,298,"$208,086","$3,981","$1,257","$2,724","$205,362","$378,245","$1,269",,,,,
,,,,,,,,,299,"$205,362","$3,981","$1,241","$2,740","$202,622","$380,985","$1,274",,,,,
,,,,,,,,,300,"$202,622","$3,981","$1,224","$2,757","$199,865","$383,742","$1,279",,,,,
,,,,,,,,,301,"$199,865","$3,981","$1,208","$2,774","$197,091","$386,516","$1,284",,,,,
,,,,,,,,,302,"$197,091","$3,981","$1,191","$2,790","$194,301","$389,306","$1,289",,,,,
,,,,,,,,,303,"$194,301","$3,981","$1,174","$2,807","$191,494","$392,113","$1,294",,,,,
,,,,,,,,,304,"$191,494","$3,981","$1,157","$2,824","$188,669","$394,938","$1,299",,,,,
,,,,,,,,,305,"$188,669","$3,981","$1,140","$2,841","$185,828","$397,779","$1,304",,,,,
,,,,,,,,,306,"$185,828","$3,981","$1,123","$2,858","$182,970","$400,637","$1,309",,,,,
,,,,,,,,,307,"$182,970","$3,981","$1,105","$2,876","$180,094","$403,513","$1,314",,,,,
,,,,,,,,,308,"$180,094","$3,981","$1,088","$2,893","$177,201","$406,406","$1,320",,,,,
,,,,,,,,,309,"$177,201","$3,981","$1,071","$2,911","$174,290","$409,317","$1,325",,,,,
,,,,,,,,,310,"$174,290","$3,981","$1,053","$2,928","$171,362","$412,245","$1,330",,,,,
,,,,,,,,,311,"$171,362","$3,981","$1,035","$2,946","$168,416","$415,191","$1,335",,,,,
,,,,,,,,,312,"$168,416","$3,981","$1,018","$2,964","$165,452","$418,155","$1,340",,,,,
,,,,,,,,,313,"$165,452","$3,981","$1,000","$2,982","$162,471","$421,136","$1,345",,,,,
,,,,,,,,,314,"$162,471","$3,981",$982,"$3,000","$159,471","$424,136","$1,351",,,,,
,,,,,,,,,315,"$159,471","$3,981",$963,"$3,018","$156,453","$427,154","$1,356",,,,,
,,,,,,,,,316,"$156,453","$3,981",$945,"$3,036","$153,418","$430,189","$1,361",,,,,
,,,,,,,,,317,"$153,418","$3,981",$927,"$3,054","$150,363","$433,244","$1,367",,,,,
,,,,,,,,,318,"$150,363","$3,981",$908,"$3,073","$147,291","$436,316","$1,372",,,,,
,,,,,,,,,319,"$147,291","$3,981",$890,"$3,091","$144,199","$439,408","$1,377",,,,,
,,,,,,,,,320,"$144,199","$3,981",$871,"$3,110","$141,089","$442,518","$1,383",,,,,
,,,,,,,,,321,"$141,089","$3,981",$852,"$3,129","$137,960","$445,647","$1,388",,,,,
,,,,,,,,,322,"$137,960","$3,981",$834,"$3,148","$134,813","$448,794","$1,394",,,,,
,,,,,,,,,323,"$134,813","$3,981",$814,"$3,167","$131,646","$451,961","$1,399",,,,,
,,,,,,,,,324,"$131,646","$3,981",$795,"$3,186","$128,460","$455,147","$1,405",,,,,
,,,,,,,,,325,"$128,460","$3,981",$776,"$3,205","$125,255","$458,352","$1,410",,,,,
,,,,,,,,,326,"$125,255","$3,981",$757,"$3,224","$122,031","$461,576","$1,416",,,,,
,,,,,,,,,327,"$122,031","$3,981",$737,"$3,244","$118,787","$464,820","$1,421",,,,,
,,,,,,,,,328,"$118,787","$3,981",$718,"$3,264","$115,523","$468,084","$1,427",,,,,
,,,,,,,,,329,"$115,523","$3,981",$698,"$3,283","$112,240","$471,367","$1,433",,,,,
,,,,,,,,,330,"$112,240","$3,981",$678,"$3,303","$108,937","$474,670","$1,438",,,,,
,,,,,,,,,331,"$108,937","$3,981",$658,"$3,323","$105,614","$477,993","$1,444",,,,,
,,,,,,,,,332,"$105,614","$3,981",$638,"$3,343","$102,271","$481,336","$1,450",,,,,
,,,,,,,,,333,"$102,271","$3,981",$618,"$3,363","$98,908","$484,699","$1,456",,,,,
,,,,,,,,,334,"$98,908","$3,981",$598,"$3,384","$95,524","$488,083","$1,461",,,,,
,,,,,,,,,335,"$95,524","$3,981",$577,"$3,404","$92,120","$491,487","$1,467",,,,,
,,,,,,,,,336,"$92,120","$3,981",$557,"$3,425","$88,695","$494,912","$1,473",,,,,
,,,,,,,,,337,"$88,695","$3,981",$536,"$3,445","$85,250","$498,357","$1,479",,,,,
,,,,,,,,,338,"$85,250","$3,981",$515,"$3,466","$81,784","$501,823","$1,485",,,,,
,,,,,,,,,339,"$81,784","$3,981",$494,"$3,487","$78,297","$505,310","$1,491",,,,,
,,,,,,,,,340,"$78,297","$3,981",$473,"$3,508","$74,789","$508,818","$1,497",,,,,
,,,,,,,,,341,"$74,789","$3,981",$452,"$3,529","$71,259","$512,348","$1,502",,,,,
,,,,,,,,,342,"$71,259","$3,981",$431,"$3,551","$67,709","$515,898","$1,508",,,,,
,,,,,,,,,343,"$67,709","$3,981",$409,"$3,572","$64,137","$519,470","$1,514",,,,,
,,,,,,,,,344,"$64,137","$3,981",$387,"$3,594","$60,543","$523,064","$1,521",,,,,
,,,,,,,,,345,"$60,543","$3,981",$366,"$3,615","$56,928","$526,679","$1,527",,,,,
,,,,,,,,,346,"$56,928","$3,981",$344,"$3,637","$53,290","$530,317","$1,533",,,,,
,,,,,,,,,347,"$53,290","$3,981",$322,"$3,659","$49,631","$533,976","$1,539",,,,,
,,,,,,,,,348,"$49,631","$3,981",$300,"$3,681","$45,950","$537,657","$1,545",,,,,
,,,,,,,,,349,"$45,950","$3,981",$278,"$3,704","$42,246","$541,361","$1,551",,,,,
,,,,,,,,,350,"$42,246","$3,981",$255,"$3,726","$38,520","$545,087","$1,557",,,,,
,,,,,,,,,351,"$38,520","$3,981",$233,"$3,748","$34,772","$548,835","$1,564",,,,,
,,,,,,,,,352,"$34,772","$3,981",$210,"$3,771","$31,001","$552,606","$1,570",,,,,
,,,,,,,,,353,"$31,001","$3,981",$187,"$3,794","$27,207","$556,400","$1,576",,,,,
,,,,,,,,,354,"$27,207","$3,981",$164,"$3,817","$23,390","$560,217","$1,583",,,,,
,,,,,,,,,355,"$23,390","$3,981",$141,"$3,840","$19,550","$564,057","$1,589",,,,,
,,,,,,,,,356,"$19,550","$3,981",$118,"$3,863","$15,687","$567,920","$1,595",,,,,
,,,,,,,,,357,"$15,687","$3,981",$95,"$3,886","$11,801","$571,806","$1,602",,,,,
,,,,,,,,,358,"$11,801","$3,981",$71,"$3,910","$7,891","$575,716","$1,608",,,,,
,,,,,,,,,359,"$7,891","$3,981",$48,"$3,934","$3,957","$579,650","$1,615",,,,,
,,,,,,,,,360,"$3,957","$3,981",$24,"$3,957",$0,"$583,607","$1,621",,,,,